road_id,ward,rainfall_mm_hr,elevation,slope,curvature,flow_accumulation,distance_to_drain,drain_capacity,impervious_ratio,road_width,historical_flood_score,water_depth_cm
R0000,Ward_14,6.272916666666666,0.7,2.004,0.000117,657.9,1324.624534494392,299.6,0.95,22,2.6399999999999997,46.9
R0001,Ward_8,6.425833333333333,0.78,1.2428,6.8e-05,657.1,1496.8249886583371,292.3,0.95,21,7.499999999999999,54.1
R0002,Ward_20,7.222777777777777,0.0,0.0,0.000373,664.9,430.7087191262286,383.2,0.55,5,2.2,37.0
R0003,Ward_12,5.569722222222222,5.88,1.2139,3.5e-05,606.1,1008.256494844871,247.1,0.7,10,8.925,50.7
R0004,Ward_15,5.758472222222222,13.31,0.1383,-4.1e-05,531.8,1198.3013414715836,153.4,0.85,12,3.5,51.3
R0005,Ward_15,6.584444444444444,12.06,0.0867,-9e-06,544.3,765.931440303796,60.8,0.7,7,13.285714285714286,51.7
R0006,Ward_19,5.12375,15.69,1.1767,8e-05,508.0,1652.8174228142755,445.8,0.55,4,17.98,39.6
R0007,Ward_14,4.765416666666667,17.02,1.4182,-4.2e-05,494.7,1550.220963196986,70.2,0.7,10,7.857142857142857,40.5
R0008,Ward_20,5.825277777777778,50.88,1.3398,-8.1e-05,156.1,1497.0649791145397,377.0,0.55,6,7.800000000000001,28.3
R0009,Ward_1,5.066805555555556,20.01,0.1528,-1.2e-05,464.8,354.8312274358448,108.2,0.55,6,1.3,32.8
R0010,Ward_1,7.035,0.0,0.0,0.0,664.9,290.70863694760936,206.9,0.7,10,10.919999999999998,47.3
R0011,Ward_5,5.486666666666666,45.94,1.7875,-0.000106,205.5,1142.4319649797608,189.7,0.7,7,10.116666666666665,31.8
R0012,Ward_15,4.283611111111111,31.67,0.7866,-0.000107,348.2,604.8644027435638,346.4,0.55,5,9.1375,24.9
R0013,Ward_8,6.651527777777777,6.21,2.5091,7.7e-05,602.8,1621.4651152653923,413.0,0.55,3,33.7,52.8
R0014,Ward_19,6.149583333333333,0.0,0.1425,9e-06,664.9,1596.1586901677026,237.3,0.95,22,9.442857142857141,60.2
R0015,Ward_2,5.679305555555556,26.59,2.3401,9.7e-05,399.0,1172.7730967748184,429.9,0.55,3,4.825,29.9
R0016,Ward_4,5.904305555555556,17.06,0.3365,-7.8e-05,494.3,1772.977026728188,433.9,0.55,7,10.0,41.9
R0017,Ward_2,4.813611111111111,30.2,0.1136,-2.7e-05,362.9,1294.7107356595795,108.2,0.95,21,5.233333333333333,43.9
R0018,Ward_19,5.587083333333333,0.0,0.2209,2.1e-05,664.9,633.1125256558422,56.0,0.85,10,5.859999999999999,59.4
R0019,Ward_13,4.94625,12.96,1.872,0.000152,535.3,870.749459835346,107.7,0.95,19,26.8,49.2
R0020,Ward_8,7.621388888888889,3.87,0.4914,1.9e-05,626.2,1951.1999134535897,187.2,0.95,20,11.0,58.5
R0021,Ward_3,5.615277777777778,26.75,0.638,-8.6e-05,397.4,1696.9477303611986,196.4,0.7,8,13.316666666666665,39.6
R0022,Ward_5,5.738333333333333,24.06,1.9731,-6.3e-05,424.3,959.001290809754,277.7,0.85,10,7.5625,38.1
R0023,Ward_17,4.901527777777777,24.28,0.1136,-7.8e-05,422.1,194.38836689241163,380.6,0.7,8,18.7,32.1
R0024,Ward_23,5.181805555555555,35.8,1.2036,7.7e-05,306.9,1480.3749769989354,277.9,0.55,7,3.9,27.7
R0025,Ward_5,5.659722222222222,8.97,0.4563,9.9e-05,575.2,979.345001515572,123.3,0.55,7,10.066666666666666,53.0
R0026,Ward_18,5.727222222222222,10.0,1.2551,7.3e-05,564.9,440.87329560103643,369.1,0.55,5,7.1000000000000005,28.5
R0027,Ward_22,6.363472222222223,7.2,2.2741,5e-05,592.9,1179.0045585802507,125.7,0.55,6,11.275,46.4
R0028,Ward_1,5.615277777777778,23.25,0.5327,-8e-06,432.4,977.785056320086,196.4,0.85,11,12.6,45.2
R0029,Ward_2,5.665,37.78,1.249,-3.1e-05,287.1,600.1535379937828,349.0,0.85,12,5.550000000000001,21.0
R0030,Ward_12,4.795833333333333,37.47,1.5729,-3.7e-05,290.2,1107.185446380916,349.0,0.95,19,11.925,33.4
R0031,Ward_10,4.579861111111111,22.62,0.929,-3e-06,438.7,1230.578040183861,108.2,0.55,7,6.975,37.4
R0032,Ward_10,6.250277777777778,0.0,0.0,7.2e-05,664.9,1432.2520821422931,448.8,0.55,3,5.0,54.6
R0033,Ward_22,7.504722222222223,39.21,0.8506,-4.3e-05,272.8,2183.507077921642,469.0,0.7,7,11.6,28.0
R0034,Ward_20,5.255694444444445,35.01,2.6307,1.1e-05,314.8,1111.2549771523456,240.4,0.95,21,6.0,29.2
R0035,Ward_23,4.675694444444444,25.84,1.284,-1.9e-05,406.5,1501.519024515275,191.2,0.95,19,6.7,40.4
R0036,Ward_20,4.969861111111111,29.38,1.5915,-7e-05,371.1,1067.3938928764105,350.3,0.55,7,4.65,25.3
R0037,Ward_16,5.396111111111111,11.44,0.4873,7.5e-05,550.5,1081.685296010705,145.6,0.7,10,10.1,52.2
R0038,Ward_14,4.675694444444444,9.27,0.3427,7.3e-05,572.2,909.0874517665749,191.2,0.85,13,7.733333333333334,50.4
R0039,Ward_18,7.782777777777778,19.0,0.7618,9e-06,474.9,406.3320214458455,384.3,0.7,9,8.966666666666667,31.4
R0040,Ward_22,6.311944444444444,4.16,1.3171,5.5e-05,623.3,497.92613282353847,240.5,0.85,14,11.166666666666666,41.3
R0041,Ward_11,7.185555555555556,10.28,1.1189,4.5e-05,562.1,238.6754011772838,72.7,0.95,20,9.875,36.7
R0042,Ward_1,5.910277777777777,32.19,2.6863,-0.000109,343.0,1757.8132896661784,89.4,0.55,3,13.485714285714286,39.4
R0043,Ward_6,5.809722222222223,20.2,0.2602,0.000137,462.9,943.9536346783674,453.3,0.85,12,20.0,49.2
R0044,Ward_19,7.197361111111111,0.0,0.0,0.0,664.9,1730.254925319788,128.1,0.95,18,10.2,64.3
R0045,Ward_12,6.606111111111111,26.55,0.0599,-0.000125,399.4,1085.1102583676607,299.6,0.85,10,9.72,46.4
R0046,Ward_24,4.94625,22.03,2.035,1e-05,444.6,395.09340329502305,107.7,0.55,4,8.0,27.9
R0047,Ward_11,4.742638888888889,36.19,0.6916,6e-05,303.0,1653.564510359856,474.8,0.7,9,7.625,31.6
R0048,Ward_21,5.7498611111111115,22.32,2.9026,7.5e-05,441.7,1191.951477243019,119.4,0.85,13,12.85,39.6
R0049,Ward_10,5.904305555555556,15.25,0.6173,-0.000121,512.4,1643.8744144022548,433.9,0.55,5,12.1125,41.0
R0050,Ward_17,6.425833333333333,0.0,0.0,0.0,664.9,455.28209551591004,292.3,0.7,10,19.6,49.2
R0051,Ward_2,5.867777777777778,0.77,0.159,0.000189,657.2,304.1205304103401,86.0,0.7,6,19.259999999999998,42.1
R0052,Ward_16,5.396111111111111,12.0,0.159,4e-05,544.9,1460.3290045715257,145.6,0.7,8,9.559999999999999,53.5
R0053,Ward_3,6.673333333333334,0.0,0.0,0.0,664.9,2603.846032326715,180.6,0.95,20,3.0,56.6
R0054,Ward_10,4.590138888888889,10.9,0.5162,5e-05,555.9,1406.934761653599,124.2,0.85,13,9.18,53.2
R0055,Ward_1,7.621388888888889,0.0,0.8919,5.6e-05,664.9,2398.5705851213675,187.2,0.55,4,12.14,53.8
R0056,Ward_14,7.772777777777778,7.32,1.1994,0.000122,591.7,1064.4276462721891,241.7,0.55,4,13.9,48.7
R0057,Ward_15,5.136111111111111,40.49,0.161,-2.5e-05,260.0,970.0439852064555,170.1,0.95,20,8.1,38.3
R0058,Ward_19,5.305555555555555,32.74,0.9745,1.5e-05,337.5,815.534908100587,458.1,0.95,22,6.2,28.4
R0059,Ward_12,5.346111111111111,26.34,1.4698,3.7e-05,401.5,1090.7919420280348,87.8,0.95,21,4.8,39.8
R0060,Ward_11,5.52625,0.0,0.0,1.2e-05,664.9,71.72142132504797,114.1,0.55,5,15.66,43.4
R0061,Ward_10,5.2058333333333335,20.99,0.8072,1.6e-05,455.0,1434.1843447453832,277.9,0.95,19,7.0,45.1
R0062,Ward_16,5.659722222222222,11.18,0.5802,8e-06,553.1,636.3826040869108,382.5,0.55,4,6.660000000000001,37.5
R0063,Ward_11,5.119027777777777,35.04,1.3047,-5.3e-05,314.5,658.6885973501753,130.1,0.7,9,1.7,25.2
R0064,Ward_16,7.161388888888889,16.02,1.0343,7.2e-05,504.7,585.8325005153278,298.9,0.7,10,10.1,36.9
R0065,Ward_23,5.199166666666667,8.35,0.2684,-3.3e-05,581.4,1481.7754922970198,124.2,0.7,9,4.3,56.1
R0066,Ward_24,6.960138888888888,13.26,1.5626,5e-06,532.3,920.1638986090383,341.4,0.55,3,12.05,37.8
R0067,Ward_18,5.460694444444445,43.2,1.1932,-1e-06,232.9,1221.3475529878547,458.1,0.85,13,13.0,32.5
R0068,Ward_15,5.917916666666667,16.14,2.1545,-3.6e-05,503.5,1303.649788367304,275.1,0.95,18,20.8,45.3
R0069,Ward_20,8.12486111111111,15.78,0.8011,-0.000133,507.1,925.8302799202643,290.1,0.85,10,27.46,50.9
R0070,Ward_22,4.597083333333334,9.11,1.5647,5.6e-05,573.8,752.3372457937123,240.4,0.55,5,10.4,40.7
R0071,Ward_7,6.7188888888888885,11.95,0.031,-1.8e-05,545.4,665.476103152248,84.5,0.85,12,6.866666666666667,46.1
R0072,Ward_24,5.8381944444444445,37.27,0.1507,2.9e-05,292.2,569.1952781840388,80.3,0.55,7,6.128571428571428,31.7
R0073,Ward_21,7.093333333333334,0.0,0.1012,3.8e-05,664.9,1476.755453851278,433.9,0.55,3,13.866666666666667,53.2
R0074,Ward_17,7.222777777777777,0.0,0.0,0.000611,664.9,604.5665139251221,383.2,0.95,20,11.5,52.0
R0075,Ward_8,4.283611111111111,34.46,1.0137,3.4e-05,320.3,1113.6558759188165,346.4,0.7,7,6.577777777777778,31.1
R0076,Ward_16,5.8381944444444445,20.39,1.3377,0.000103,461.0,863.0106402341513,332.1,0.55,4,8.166666666666666,35.0
R0077,Ward_4,6.3966666666666665,0.0,1.4863,9.3e-05,664.9,651.2899611156989,125.7,0.95,21,10.499999999999998,47.0
R0078,Ward_14,6.3966666666666665,3.31,0.6834,7.8e-05,631.8,857.4805578754432,107.2,0.95,19,7.959999999999999,55.1
R0079,Ward_13,6.941944444444444,56.11,0.2189,3.6e-05,103.8,1074.7413520957227,212.6,0.95,18,9.36,34.7
R0080,Ward_8,4.813611111111111,29.65,0.512,3.9e-05,368.4,1140.730699602318,151.0,0.7,8,9.325,39.8
R0081,Ward_9,7.781666666666666,43.77,2.2721,-0.0001,227.2,1528.3971228036014,244.8,0.85,10,6.233333333333333,28.7
R0082,Ward_6,4.969861111111111,35.25,2.3896,-0.0001,312.4,1339.1581546886043,474.8,0.85,10,14.925,29.8
R0083,Ward_4,5.8381944444444445,26.6,2.7728,-0.000106,398.9,537.1461116987175,468.1,0.7,10,9.1,24.9
R0084,Ward_13,7.197361111111111,0.0,0.0,0.000115,664.9,1882.552269604037,290.1,0.55,6,0.0,49.7
R0085,Ward_20,4.742638888888889,29.22,0.415,-2.7e-05,372.7,1358.7747980528693,313.4,0.55,5,11.866666666666667,40.0
R0086,Ward_14,6.519583333333333,26.23,0.1982,-7e-05,402.6,821.9357005152931,279.8,0.7,7,4.475,38.2
R0087,Ward_5,5.253888888888889,21.3,0.4191,-9e-06,451.9,448.8331869085942,118.2,0.7,8,0.9500000000000001,33.1
R0088,Ward_7,7.772777777777778,6.88,0.4955,6.5e-05,596.1,1436.5491243822955,241.7,0.95,22,9.516666666666667,55.6
R0089,Ward_20,5.136111111111111,18.37,0.19,-0.00017,481.2,766.4657237294559,413.0,0.85,10,8.4,41.6
R0090,Ward_22,5.615277777777778,28.23,0.8547,-0.000135,382.6,500.81783462720824,196.4,0.7,10,23.799999999999997,33.6
R0091,Ward_6,6.515694444444445,30.79,1.3459,-0.000198,357.0,2144.157146767963,196.4,0.55,5,9.2,35.7
R0092,Ward_20,5.084305555555556,51.56,0.7763,-2e-05,149.3,1759.7592279659898,458.1,0.7,9,16.2,31.4
R0093,Ward_7,5.975694444444445,33.88,1.0384,-8.5e-05,326.1,283.318251315367,449.4,0.55,5,4.125,15.0
R0094,Ward_24,5.136111111111111,0.0,0.0,0.0,664.9,409.70981282416,94.7,0.85,13,13.0,49.4
R0095,Ward_3,5.855277777777777,45.94,1.7875,-0.000106,205.5,1366.0379346138247,189.7,0.95,20,21.580000000000002,33.4
R0096,Ward_6,6.671944444444445,35.44,1.4986,-0.000185,310.5,590.5759585260081,189.2,0.55,5,18.419999999999998,25.8
R0097,Ward_8,5.4376388888888885,0.0,0.0,0.0,664.9,1380.440628949681,187.2,0.95,19,12.166666666666666,65.8
R0098,Ward_19,7.025833333333334,9.31,1.284,-5.8e-05,571.8,1157.4820436330601,413.0,0.95,22,12.133333333333333,46.8
R0099,Ward_2,5.16125,24.12,0.5017,1.6e-05,423.7,1332.7773675250828,179.3,0.55,6,5.866666666666667,38.6
R0100,Ward_19,6.149583333333333,0.0,1.4223,8.9e-05,664.9,1423.5647386627686,243.0,0.95,21,13.7,54.6
R0101,Ward_15,5.541944444444444,34.78,0.3304,3e-06,317.1,476.45714110387524,351.6,0.85,13,10.9,27.7
R0102,Ward_9,5.957083333333333,8.47,0.0929,4.6e-05,580.2,531.5660362079112,403.2,0.85,12,5.0,39.0
R0103,Ward_5,6.515694444444445,34.32,1.5667,-7.7e-05,321.7,1391.9936517975295,107.7,0.85,12,13.633333333333333,36.4
R0104,Ward_24,6.074722222222222,6.96,1.1065,7.1e-05,595.3,652.1924487902401,192.4,0.95,22,9.0375,43.0
R0105,Ward_22,5.798194444444444,24.86,0.6875,2e-05,416.3,793.8967850223972,179.3,0.95,20,8.875,41.0
R0106,Ward_13,5.396111111111111,15.17,0.2663,4.8e-05,513.2,1102.4957157879549,145.6,0.85,12,12.95,55.4
R0107,Ward_4,5.679305555555556,16.9,2.6389,0.000102,495.9,1417.5822274036423,429.9,0.55,7,0.0,30.0
R0108,Ward_15,6.2091666666666665,3.75,1.4244,4.7e-05,627.4,2363.352171281183,433.9,0.7,7,7.449999999999999,49.1
R0109,Ward_4,6.7188888888888885,0.0,0.0,0.0,664.9,1097.8896974650406,130.1,0.7,8,16.9,64.3
R0110,Ward_1,6.13125,11.59,1.0322,3.8e-05,549.0,2425.3881449254004,258.5,0.7,6,8.4,45.2
R0111,Ward_21,5.16125,32.02,0.929,2.5e-05,344.7,1691.9259995510824,293.0,0.7,9,5.0,34.8
R0112,Ward_10,5.4286111111111115,23.47,1.87,-1.4e-05,430.2,1403.525858264583,123.3,0.55,4,4.716666666666667,37.5
R0113,Ward_17,5.497916666666667,25.13,1.4904,-5e-06,413.6,1304.9376494388155,328.4,0.55,3,7.066666666666667,33.5
R0114,Ward_2,8.12486111111111,0.41,2.4328,0.000148,660.8,605.608283050507,237.3,0.95,19,7.8125,45.0
R0115,Ward_7,6.747083333333333,30.43,0.7536,-2.6e-05,360.6,639.2667671468926,243.0,0.7,8,16.975,35.2
R0116,Ward_12,6.363472222222223,13.96,1.9215,0.000129,525.3,528.0945107985893,240.2,0.95,20,6.88,35.5
R0117,Ward_9,4.283611111111111,21.99,0.2416,0.000195,445.0,826.8968346589505,395.4,0.95,22,14.100000000000001,41.6
R0118,Ward_24,4.4061111111111115,4.16,1.8452,9.2e-05,623.3,1569.1603803922967,107.7,0.95,18,3.9499999999999997,46.1
R0119,Ward_5,4.909722222222222,25.65,1.4574,2.7e-05,408.4,756.062055061885,72.4,0.7,6,10.1,31.4
R0120,Ward_19,6.37,16.47,1.2551,-3.8e-05,500.2,2797.8521997754983,86.0,0.95,18,7.25,51.4
R0121,Ward_7,4.675694444444444,19.16,0.6194,2.7e-05,473.3,1619.2081715159743,191.2,0.85,13,3.5,46.2
R0122,Ward_10,4.702777777777778,23.58,0.2023,-0.000106,429.1,793.9242930476746,271.5,0.7,8,5.966666666666666,37.1
R0123,Ward_15,4.80375,19.24,1.4842,-3.4e-05,472.5,921.04677724843,247.1,0.85,12,4.0,39.7
R0124,Ward_3,5.727222222222222,24.16,0.4026,-0.00012,423.3,433.2130370657702,332.1,0.85,14,15.966666666666667,34.6
R0125,Ward_4,5.541944444444444,11.99,0.4976,-8e-06,545.0,629.1359395752943,241.7,0.85,10,11.924999999999999,41.4
R0126,Ward_21,6.710833333333333,0.0,0.0,0.0,664.9,817.2772109413975,258.5,0.85,11,13.059999999999999,54.6
R0127,Ward_11,5.4376388888888885,0.0,0.0,0.0,664.9,360.51093041444415,158.8,0.7,10,5.6,46.6
R0128,Ward_21,5.659722222222222,14.09,1.5378,0.000131,524.0,248.24752060470544,123.3,0.95,22,12.65,34.1
R0129,Ward_20,5.798194444444444,17.3,1.8679,8.1e-05,491.9,487.81678622695887,183.0,0.95,20,4.933333333333334,32.6
R0130,Ward_8,6.363472222222223,7.55,0.3861,1e-05,589.4,263.44268778420076,240.2,0.85,13,13.05,41.7
R0131,Ward_19,5.855277777777777,37.16,0.543,-0.000102,293.3,1434.4537518327609,123.3,0.85,12,14.65,42.4
R0132,Ward_7,4.80375,11.77,0.0041,-1.6e-05,547.2,349.0152686613684,247.1,0.7,7,13.0,42.3
R0133,Ward_14,5.9679166666666665,16.45,0.8671,6.2e-05,500.4,2073.6269776089002,332.1,0.7,6,10.88,45.0
R0134,Ward_20,5.084305555555556,55.27,1.9463,-0.000143,112.2,2219.4629015828154,439.7,0.85,12,14.950000000000001,27.4
R0135,Ward_2,5.773333333333333,11.67,0.192,3.4e-05,548.2,273.9957076528153,363.9,0.95,22,9.6,39.4
R0136,Ward_20,6.13125,35.75,1.0611,-0.000221,307.4,1759.8523341545472,80.3,0.95,20,13.15,35.9
R0137,Ward_1,4.675694444444444,25.84,1.284,-1.9e-05,406.5,1702.1254128431574,191.2,0.7,9,12.28,40.8
R0138,Ward_19,5.289722222222222,30.36,1.3748,-5.7e-05,361.3,926.0752758493503,196.2,0.7,10,9.616666666666667,35.2
R0139,Ward_2,6.368333333333333,18.96,1.2799,8.1e-05,475.3,766.2298803078409,328.4,0.85,11,3.0999999999999996,35.2
R0140,Ward_23,5.72861111111111,7.5,0.7164,-6e-05,589.9,2050.1722331980627,369.1,0.95,18,12.925,52.0
R0141,Ward_20,6.941944444444444,29.23,1.7854,8.6e-05,372.6,2778.856928172367,350.3,0.85,12,9.1,37.0
R0142,Ward_11,6.559861111111111,15.9,0.128,9e-06,505.9,1625.93096229209,177.6,0.55,6,9.883333333333333,47.9
R0143,Ward_10,6.941944444444444,29.17,0.9332,-0.0,373.2,1714.1721696605618,95.0,0.55,4,12.379999999999999,41.4
R0144,Ward_20,7.197361111111111,0.86,0.1776,2.4e-05,656.3,2744.307557497215,290.1,0.95,18,10.24,56.3
R0145,Ward_1,6.275138888888889,38.3,0.3014,-6.3e-05,281.9,745.1246879837,189.7,0.85,11,17.483333333333334,37.7
R0146,Ward_6,3.7352777777777777,40.49,0.161,-2.5e-05,260.0,741.8013278561227,189.0,0.85,10,6.85,31.2
R0147,Ward_1,7.197361111111111,8.83,1.8225,-2.9e-05,576.6,1476.670957986974,290.1,0.55,3,15.342857142857143,42.5
R0148,Ward_17,5.515,29.59,1.2324,-4.6e-05,369.0,1079.1529735209972,70.6,0.7,7,7.225,39.5
R0149,Ward_20,6.396111111111111,0.0,0.6462,4.1e-05,664.9,679.8942376966513,423.8,0.55,4,1.9500000000000002,42.3
R0150,Ward_1,7.035,0.0,0.0,7.3e-05,664.9,1090.3337459390452,192.4,0.55,7,6.4624999999999995,54.3
R0151,Ward_12,5.590277777777778,8.5,0.2994,-8.7e-05,579.9,2300.101228523461,72.7,0.7,8,15.083333333333334,56.2
R0152,Ward_8,5.980972222222222,17.42,0.8465,-4.2e-05,490.7,479.85052146534673,116.9,0.85,11,22.5,43.2
R0153,Ward_16,5.573472222222223,27.18,0.0062,2.9e-05,393.1,1793.47173929134,269.4,0.95,22,2.38,44.7
R0154,Ward_14,4.80375,10.76,1.6699,4.8e-05,557.3,1988.7104903769737,247.1,0.95,18,14.575000000000001,48.4
R0155,Ward_5,7.035,10.6,0.9662,-0.0001,558.9,1006.633685400267,187.2,0.7,7,2.5,50.7
R0156,Ward_18,5.773333333333333,6.16,0.0165,-7e-06,603.3,820.402387666555,363.9,0.55,4,36.53333333333334,52.2
R0157,Ward_8,6.272916666666666,0.0,0.3138,2e-05,664.9,1264.5357088220344,451.5,0.55,4,12.366666666666667,50.6
R0158,Ward_4,5.970138888888889,13.94,0.4356,-5.1e-05,525.5,375.28910696368325,486.5,0.55,3,4.225,26.2
R0159,Ward_11,5.957777777777777,18.51,1.187,-3.4e-05,479.8,669.5418659718927,145.6,0.95,22,10.6,39.8
R0160,Ward_21,5.52625,0.0,0.0,0.0,664.9,582.2041608975006,114.1,0.7,7,10.366666666666667,50.3
R0161,Ward_15,5.727222222222222,9.51,0.1012,-2.3e-05,569.8,1000.5739262797632,369.1,0.55,4,13.9,50.0
R0162,Ward_20,6.297222222222222,0.0,0.0,6e-05,664.9,682.3453042160354,279.8,0.95,22,3.1,47.9
R0163,Ward_10,5.7498611111111115,13.67,0.4852,-1.1e-05,528.2,1701.7804903229828,119.4,0.95,20,14.850000000000001,55.6
R0164,Ward_18,4.579861111111111,22.88,2.0824,8.1e-05,436.1,2594.148550546896,469.2,0.95,19,5.733333333333333,32.5
R0165,Ward_12,5.1563888888888885,32.75,1.4244,-0.000108,337.4,1022.7971735982554,88.4,0.7,7,5.928571428571429,32.9
R0166,Ward_21,6.275138888888889,23.15,0.3138,-9e-06,433.4,1053.322572276713,409.5,0.7,10,3.375,38.3
R0167,Ward_21,4.80375,11.77,0.0041,-1.6e-05,547.2,171.42135703177098,247.1,0.7,10,16.54,38.1
R0168,Ward_3,6.149583333333333,0.0,0.0,0.0,664.9,1057.3157287896624,277.0,0.95,19,4.1,54.6
R0169,Ward_1,4.8661111111111115,10.54,1.7854,2.9e-05,559.5,1163.4097729791868,240.5,0.85,13,1.0,40.9
R0170,Ward_20,5.205,44.59,0.1012,-4e-05,219.0,657.5711223911495,398.0,0.95,19,12.2,29.8
R0171,Ward_3,5.689444444444444,17.55,0.097,-3.9e-05,489.4,1661.3010128371602,298.9,0.7,6,5.050000000000001,46.8
R0172,Ward_7,5.1563888888888885,19.93,0.7226,4.4e-05,465.6,762.5580824936792,273.6,0.55,4,7.977777777777778,35.3
R0173,Ward_3,6.160416666666666,0.0,0.0,6.2e-05,664.9,1618.1072741062872,442.3,0.55,6,26.549999999999997,55.6
R0174,Ward_17,5.574722222222222,35.34,0.512,-8.1e-05,311.5,1376.36916039772,237.4,0.7,6,26.599999999999998,42.3
R0175,Ward_1,6.425833333333333,0.78,1.2428,6.8e-05,657.1,1827.4575794205539,292.3,0.7,8,10.9,53.7
R0176,Ward_24,5.573472222222223,21.77,0.3716,2.9e-05,447.2,464.37592919565014,253.6,0.7,7,11.075,33.5
R0177,Ward_1,5.069722222222222,0.0,0.0,0.0,664.9,2295.2404916487408,422.6,0.55,3,6.5,50.6
R0178,Ward_19,5.199166666666667,26.78,0.0599,-1.7e-05,397.1,389.03544577018585,237.4,0.95,19,7.699999999999999,32.4
R0179,Ward_7,6.13125,11.83,0.3572,5e-06,546.6,1100.9103505300739,486.5,0.85,14,5.333333333333333,47.6
R0180,Ward_11,5.434166666666666,8.99,0.4604,-3.7e-05,575.0,643.5110034600063,486.7,0.55,6,4.6000000000000005,34.8
R0181,Ward_19,7.329027777777778,2.43,1.8308,8.4e-05,640.6,1350.3847068427067,108.6,0.55,6,10.4,53.1
R0182,Ward_23,5.253888888888889,29.59,0.8423,8e-06,369.0,511.9227486175704,419.6,0.85,13,14.125,29.9
R0183,Ward_20,6.184166666666666,44.8,0.6978,-8e-05,216.9,526.5398426545036,429.9,0.85,13,12.825,21.2
R0184,Ward_6,6.112500000000001,26.49,0.768,-3.8e-05,400.0,1233.9204278323607,350.3,0.55,5,14.540000000000001,36.7
R0185,Ward_23,6.559861111111111,8.29,0.7515,9.6e-05,582.0,1205.6382051214393,177.6,0.95,22,4.433333333333334,50.7
R0186,Ward_16,6.164444444444444,19.89,1.3088,1.4e-05,466.0,1122.7261462805952,116.9,0.85,14,15.45,45.0
R0187,Ward_6,6.515694444444445,44.85,0.6462,-6.8e-05,216.4,1527.9596835680115,244.8,0.7,10,0.5,33.8
R0188,Ward_14,6.112500000000001,19.89,1.5688,5.1e-05,466.0,1830.6209753110754,350.3,0.85,14,22.114285714285717,44.8
R0189,Ward_6,6.272916666666666,1.52,0.4811,1.1e-05,649.7,1087.8101430397921,299.6,0.55,7,8.085714285714285,51.7
R0190,Ward_20,6.651527777777777,11.05,1.6926,-2.6e-05,554.4,1683.9781663884835,413.0,0.7,9,9.883333333333333,40.7
R0191,Ward_13,5.798194444444444,0.0,1.511,9.6e-05,664.9,1307.1291597796533,183.0,0.85,14,16.533333333333335,54.2
R0192,Ward_20,4.597083333333334,2.01,0.415,-4.7e-05,644.8,1307.531133704741,240.4,0.55,6,6.966666666666666,50.5
R0193,Ward_3,5.980972222222222,24.37,2.1174,-7.8e-05,421.2,904.1159021232304,116.9,0.95,19,6.575,39.7
R0194,Ward_19,5.318333333333333,3.8,1.9092,0.000196,626.9,1299.3355702924464,71.2,0.95,18,15.580000000000002,60.3
R0195,Ward_10,5.910277777777777,31.95,0.4418,-3.5e-05,345.4,1015.9870522872428,384.8,0.95,19,11.26,39.5
R0196,Ward_5,4.283611111111111,43.54,1.6967,-0.000107,229.5,657.215827024242,377.0,0.95,22,4.5,23.7
R0197,Ward_22,6.016944444444444,36.76,0.159,1.9e-05,297.3,801.661448829022,453.3,0.85,14,9.933333333333334,29.2
R0198,Ward_8,6.960138888888888,31.65,0.7433,-9.5e-05,348.4,1648.4290778285158,260.3,0.95,20,9.8,39.2
R0199,Ward_11,5.615277777777778,30.79,1.3459,-0.000198,357.0,1982.352471212251,196.4,0.55,6,6.366666666666667,31.3
R0200,Ward_14,5.359722222222222,23.16,1.2634,-5e-06,433.3,1845.065592566359,247.1,0.95,19,5.6,40.2
R0201,Ward_6,4.283611111111111,27.24,0.9146,0.000115,392.5,1104.9964915716855,346.4,0.85,10,8.966666666666667,37.0
R0202,Ward_2,5.486666666666666,37.56,1.0075,3.4e-05,289.3,2553.192437045894,189.7,0.55,4,23.7,40.2
R0203,Ward_23,5.084305555555556,53.77,0.4563,-0.000169,127.2,1577.292279494162,458.1,0.55,3,12.674999999999999,28.1
R0204,Ward_4,5.773333333333333,16.33,0.6772,-6e-06,501.6,642.1406179564862,363.9,0.7,6,4.075,37.9
R0205,Ward_12,6.3966666666666665,0.0,0.0,4.3e-05,664.9,577.5321663336061,107.2,0.7,9,11.45,52.7
R0206,Ward_14,5.798194444444444,7.32,1.4986,-1e-06,591.7,590.8891076046917,455.6,0.85,12,4.3,31.7
R0207,Ward_7,6.8093055555555555,27.97,1.1953,4e-06,385.2,614.7973854670527,275.1,0.7,8,5.8500000000000005,26.1
R0208,Ward_13,5.52625,6.6,1.3625,8.8e-05,598.9,1013.1615410638684,298.3,0.85,11,21.375,53.8
R0209,Ward_17,5.4376388888888885,0.0,0.0,0.0,664.9,1173.9471513367778,141.4,0.55,6,22.8,62.0
R0210,Ward_10,6.7188888888888885,0.0,0.0,0.0,664.9,1331.601937012227,84.5,0.7,6,3.5,56.3
R0211,Ward_1,6.160416666666666,0.0,0.0,0.0,664.9,1304.4792135294113,442.3,0.55,3,10.319999999999999,49.4
R0212,Ward_24,5.505138888888889,47.21,1.8803,-0.000129,192.8,1833.0317723497592,382.5,0.85,11,10.525,27.9
R0213,Ward_21,7.222777777777777,0.0,0.8444,5.3e-05,664.9,1250.365959925189,383.2,0.7,10,18.3,54.0
R0214,Ward_8,5.04,11.95,0.031,-1.8e-05,545.4,640.8516291152494,84.5,0.95,18,6.85,46.5
R0215,Ward_19,4.896527777777778,19.63,0.0165,-1e-06,468.6,1275.1737224604037,414.5,0.95,18,5.6,45.6
R0216,Ward_15,5.680972222222222,23.23,0.097,-0.000135,432.6,568.8218739026835,313.4,0.7,6,20.424999999999997,39.2
R0217,Ward_24,7.329027777777778,0.99,0.2044,5e-06,655.0,604.0170079948757,108.6,0.7,7,11.7625,51.0
R0218,Ward_24,5.587083333333333,1.6,0.9786,4.1e-05,648.9,1034.006402358771,56.0,0.85,13,10.299999999999999,57.5
R0219,Ward_3,5.324861111111111,43.09,1.5275,-3.5e-05,234.0,2477.6449009904445,377.0,0.7,8,0.0,26.3
R0220,Ward_3,6.218472222222222,6.62,0.256,-4.2e-05,598.7,1485.2798387134956,183.0,0.95,21,17.114285714285717,59.4
R0221,Ward_4,5.590277777777778,7.91,1.4842,-4.1e-05,585.8,1158.2446741356794,231.8,0.95,22,1.7,43.0
R0222,Ward_15,5.925138888888889,27.93,1.3274,-0.000151,385.6,1061.0640472504126,102.2,0.85,12,16.599999999999998,43.3
R0223,Ward_5,5.4286111111111115,29.09,1.4863,1.9e-05,374.0,952.3725342183477,244.8,0.7,8,7.900000000000001,31.7
R0224,Ward_24,5.515,19.58,0.7618,1.5e-05,469.1,335.83065095282194,320.9,0.95,22,11.833333333333334,30.3
R0225,Ward_7,5.231111111111111,24.8,1.9153,8e-06,416.9,1782.6894530738184,445.9,0.85,11,39.95,44.3
R0226,Ward_11,4.6925,18.49,0.3242,0.000102,480.0,641.3114751196811,280.7,0.55,3,7.4,41.1
R0227,Ward_22,7.206527777777778,8.83,1.8225,-2.9e-05,576.6,1930.895438016307,290.1,0.95,21,13.200000000000001,50.1
R0228,Ward_14,4.896527777777778,22.68,0.6669,7.6e-05,438.1,699.3621620916782,349.0,0.55,6,10.22,30.2
R0229,Ward_1,5.8381944444444445,29.94,0.9848,-3.3e-05,365.5,754.3191909034699,80.3,0.55,7,6.925,33.1
R0230,Ward_2,5.231111111111111,31.88,0.2168,-4e-06,346.1,1283.694617062731,322.6,0.55,5,4.9,37.4
R0231,Ward_19,5.136666666666667,31.68,0.1136,4.8e-05,348.1,585.9540154002029,53.6,0.55,4,14.233333333333334,37.0
R0232,Ward_19,4.579861111111111,32.97,1.9257,-1e-05,335.2,2351.547783895474,469.2,0.55,7,3.6333333333333333,26.3
R0233,Ward_17,5.2058333333333335,20.99,0.8072,1.6e-05,455.0,1310.6691728109977,277.9,0.85,10,4.824999999999999,42.8
R0234,Ward_2,7.329027777777778,25.45,0.1198,-7.2e-05,410.4,1438.6542559670568,88.4,0.55,5,13.950000000000001,48.1
R0235,Ward_19,6.941944444444444,48.64,0.064,-3.7e-05,178.5,1082.7550754160873,212.6,0.95,21,8.0,41.6
R0236,Ward_12,5.586527777777778,0.0,0.0,0.0,664.9,1363.5127091613567,71.2,0.95,22,11.35,65.7
R0237,Ward_2,5.253888888888889,19.29,0.0826,5e-06,472.0,352.94717497075715,118.2,0.85,14,14.885714285714286,40.5
R0238,Ward_23,4.579861111111111,18.99,0.8031,-1.4e-05,475.0,2168.8286244132705,108.2,0.85,10,8.633333333333335,50.5
R0239,Ward_18,8.707638888888887,11.19,0.5079,2.2e-05,553.0,1585.0312076861028,195.5,0.7,8,0.0,50.9
R0240,Ward_10,5.367083333333333,19.02,1.1334,2.2e-05,474.7,1750.9910225848982,277.9,0.55,3,10.08,41.0
R0241,Ward_23,5.136111111111111,7.25,0.4852,-1.8e-05,592.4,692.286461260553,413.0,0.95,21,10.08,44.4
R0242,Ward_4,7.197361111111111,0.0,0.0,0.0,664.9,993.6221887688928,128.1,0.95,19,12.36,62.7
R0243,Ward_16,5.526527777777777,40.24,0.1549,-4.2e-05,262.5,1337.6688554670964,442.4,0.95,18,2.3,32.2
R0244,Ward_15,4.80375,10.76,1.6699,4.8e-05,557.3,1964.1251494071028,247.1,0.95,21,5.2,45.7
R0245,Ward_8,5.16125,29.4,0.0186,8.1e-05,370.9,1086.0780443154408,453.3,0.7,10,3.3499999999999996,34.3
R0246,Ward_22,6.496944444444445,20.71,1.3171,0.0,457.8,1252.635192702624,293.0,0.95,22,13.14,42.6
R0247,Ward_14,5.980972222222222,25.26,0.9806,-8.8e-05,412.3,1372.444903065864,320.9,0.85,10,10.4,39.6
R0248,Ward_23,4.831388888888889,23.23,1.3109,8e-06,432.6,200.93605378031248,119.4,0.95,18,7.760000000000001,28.1
R0249,Ward_4,7.782777777777778,26.58,0.1507,-5.1e-05,399.1,560.946342184705,180.6,0.55,7,4.5,29.0
R0250,Ward_11,6.363472222222223,5.72,1.8328,4.5e-05,607.7,1838.8587743119922,236.5,0.7,9,7.825,43.6
R0251,Ward_16,5.910277777777777,15.87,1.7875,0.000218,506.2,904.6075396544497,384.8,0.85,12,6.625,36.8
R0252,Ward_14,5.505138888888889,23.5,3.1167,0.000147,429.9,436.27001566490435,382.5,0.95,19,8.799999999999999,22.1
R0253,Ward_2,4.80375,34.97,0.3593,-0.000125,315.2,1482.6162833404746,293.0,0.55,4,13.6,38.3
R0254,Ward_22,5.680972222222222,37.53,1.8411,-8.1e-05,289.6,1642.7071430506517,313.4,0.85,10,9.75,30.7
R0255,Ward_10,5.57625,24.99,0.128,-2.1e-05,415.0,1308.1658677356922,88.4,0.95,18,10.016666666666666,51.7
R0256,Ward_5,6.275138888888889,23.15,0.3138,-9e-06,433.4,670.0297036645466,409.5,0.95,21,4.0,35.5
R0257,Ward_12,4.9775,34.03,1.251,-5.8e-05,324.6,571.2994041612992,275.1,0.85,13,12.25,25.4
R0258,Ward_20,5.860277777777778,7.08,0.1404,5.3e-05,594.1,632.003855212898,203.1,0.55,7,8.0,45.6
R0259,Ward_8,7.772777777777778,10.91,0.7412,-5.6e-05,555.8,1282.4514325792393,241.7,0.7,10,6.616666666666667,49.4
R0260,Ward_22,5.305555555555555,26.42,0.1012,1.3e-05,400.7,224.02822565625723,458.1,0.95,19,5.3,22.8
R0261,Ward_22,4.969861111111111,17.35,1.185,6.5e-05,491.4,516.8086031114165,114.0,0.55,4,8.4,34.8
R0262,Ward_10,4.702777777777778,7.77,1.2572,3e-05,587.2,1397.1783557743636,203.1,0.7,10,14.6,50.5
R0263,Ward_4,4.742638888888889,29.22,0.415,-2.7e-05,372.7,1555.330349400845,313.4,0.55,7,0.0,34.9
R0264,Ward_3,5.492777777777778,58.23,0.0785,-0.000118,82.6,307.0159157133309,104.4,0.55,4,10.025,25.8
R0265,Ward_5,5.994166666666667,25.18,0.6173,1.9e-05,413.1,597.4629401106623,231.8,0.55,3,17.7,34.6
R0266,Ward_8,4.896527777777778,58.23,0.0785,-0.000118,82.6,688.3469304785732,104.4,0.55,4,1.0,29.5
R0267,Ward_11,6.710833333333333,19.61,0.2292,-1.6e-05,468.8,1225.786909955872,468.1,0.7,7,7.116666666666667,40.5
R0268,Ward_12,6.272916666666666,0.0,0.0,0.0,664.9,1821.2876757728573,451.5,0.55,3,5.542857142857143,50.5
R0269,Ward_23,6.363472222222223,0.0,0.3799,2.4e-05,664.9,1387.1475438105113,125.7,0.95,21,14.8,61.6
R0270,Ward_17,5.305555555555555,26.93,0.1053,6e-06,395.6,415.7647213766261,164.0,0.85,10,6.788888888888889,32.8
R0271,Ward_7,8.639027777777777,2.91,0.5513,9.8e-05,635.8,634.7149848657351,199.8,0.95,21,22.5,54.8
R0272,Ward_21,6.450833333333333,0.0,0.0,0.000283,664.9,2509.0118052727776,408.5,0.55,5,20.45,59.1
R0273,Ward_1,5.037361111111111,8.03,0.5864,3.2e-05,584.6,1770.556288970111,177.6,0.85,10,7.8,54.4
R0274,Ward_15,4.795833333333333,31.73,1.8679,-3.9e-05,347.6,180.64844243601638,349.0,0.85,13,6.0,14.7
R0275,Ward_22,7.772777777777778,4.48,0.3572,5.4e-05,620.1,1392.4241981388695,241.7,0.7,10,24.6,63.7
R0276,Ward_4,5.396111111111111,13.8,0.5017,1e-06,526.9,919.0452457500221,331.3,0.55,6,12.5875,44.9
R0277,Ward_4,5.62875,7.01,0.2333,7.4e-05,594.8,2353.382190068314,369.1,0.55,7,7.266666666666667,48.5
R0278,Ward_17,4.66375,24.47,1.3356,-1.7e-05,420.2,946.921590416825,240.4,0.55,4,15.924999999999999,37.3
R0279,Ward_3,8.12486111111111,12.2,0.2312,-0.000168,542.9,304.78481960787957,237.3,0.55,6,1.4,32.0
R0280,Ward_7,4.909722222222222,11.76,1.8638,0.000153,547.3,995.7034885875682,327.5,0.55,7,9.6,41.8
R0281,Ward_1,5.069722222222222,6.17,0.1652,-7e-05,603.2,2163.2885862067137,114.1,0.55,4,0.2,52.8
R0282,Ward_9,5.460694444444445,60.75,0.4893,-8.8e-05,57.4,945.6004683376201,458.1,0.7,6,7.066666666666666,27.0
R0283,Ward_4,5.4286111111111115,31.45,1.6472,-4.5e-05,350.4,1669.8089646990945,123.3,0.85,14,7.166666666666667,38.6
R0284,Ward_6,5.454166666666667,52.74,0.8176,-9.3e-05,137.5,766.9214554693677,170.1,0.55,7,5.55,24.6
R0285,Ward_9,7.504722222222223,24.95,0.1466,5e-05,415.4,1926.0513839555942,88.4,0.85,11,10.366666666666667,49.5
R0286,Ward_21,5.980972222222222,20.51,0.4542,3.3e-05,459.8,1458.0018307435578,116.9,0.55,7,1.675,47.2
R0287,Ward_23,5.7498611111111115,3.76,1.4656,7.6e-05,627.3,2026.8574054528558,449.4,0.85,14,8.700000000000001,46.2
R0288,Ward_10,5.569722222222222,21.29,0.5368,1.5e-05,452.0,414.30880637317983,197.0,0.7,10,13.15,33.7
R0289,Ward_10,6.134722222222222,18.25,2.6039,-6.2e-05,482.4,826.2159243532643,192.4,0.55,4,16.520000000000003,37.6
R0290,Ward_8,5.809722222222223,18.06,1.4863,-7.9e-05,484.3,1539.2054538546913,338.7,0.7,10,12.733333333333334,42.8
R0291,Ward_18,5.54111111111111,28.1,2.2185,-2e-06,383.9,771.9278144747127,322.6,0.55,5,12.02,27.8
R0292,Ward_19,6.272916666666666,1.04,1.4553,7.8e-05,654.5,2110.919030542575,299.6,0.95,20,9.366666666666667,50.9
R0293,Ward_9,5.586527777777778,0.0,0.0,0.0,664.9,1352.2252838751622,114.1,0.85,14,7.357142857142857,61.3
R0294,Ward_22,6.104861111111111,8.34,0.0599,-3.5e-05,581.5,1191.5924363920847,269.4,0.85,14,9.233333333333333,56.3
R0295,Ward_22,6.016944444444444,32.9,0.095,-8.1e-05,335.9,635.9591645360185,197.0,0.7,7,25.0,42.3
R0296,Ward_20,6.584444444444444,18.6,1.6678,-4.8e-05,478.9,1267.5416864587137,60.8,0.7,10,1.9666666666666668,40.2
R0297,Ward_1,4.765416666666667,26.84,0.0434,-6e-06,396.5,1708.4121934125385,346.1,0.85,12,7.35,39.0
R0298,Ward_22,7.275138888888888,8.18,1.5688,5.7e-05,583.1,227.25419364707219,312.3,0.7,7,6.55,25.9
R0299,Ward_24,4.831388888888889,36.39,1.7792,-7.1e-05,301.0,983.2293391781826,119.4,0.55,3,6.2,30.0
R0300,Ward_8,7.275138888888888,12.79,0.4976,-8.1e-05,537.0,1400.699070466556,312.3,0.85,14,9.2,51.1
R0301,Ward_4,5.57625,24.24,1.0488,-5.7e-05,422.5,1814.3574508897595,88.4,0.7,10,8.675,42.8
R0302,Ward_10,5.497916666666667,12.06,1.87,3.2e-05,544.3,1716.7418080224816,387.2,0.7,10,6.419999999999999,39.5
R0303,Ward_13,4.6925,20.06,0.161,-3.1e-05,464.3,751.7733801036794,170.1,0.85,14,11.666666666666666,46.0
R0304,Ward_6,5.7498611111111115,0.56,2.3174,0.000139,659.3,1472.0939500271775,449.4,0.95,18,1.8333333333333333,43.7
R0305,Ward_11,7.185555555555556,4.34,0.8238,-5e-06,621.5,1101.6447349234445,72.7,0.95,19,15.25,58.8
R0306,Ward_12,5.830277777777777,26.96,0.512,3.6e-05,395.3,2442.8521066766157,118.2,0.55,5,3.8,42.0
R0307,Ward_7,6.218472222222222,7.4,0.0661,0.000113,590.9,225.38626099303863,200.2,0.85,14,11.799999999999999,40.9
R0308,Ward_7,5.910277777777777,15.91,0.6978,3e-05,505.8,1161.246825836032,89.4,0.7,10,5.949999999999999,50.1
R0309,Ward_3,6.112500000000001,28.04,2.8655,0.000173,384.5,2066.5678707154375,375.3,0.95,22,8.883333333333333,32.9
R0310,Ward_24,5.255694444444445,35.01,2.6307,1.1e-05,314.8,1124.9200069311705,240.4,0.55,4,12.044444444444444,29.2
R0311,Ward_2,7.781666666666666,13.29,2.1277,6.6e-05,532.0,1219.8417815265225,409.5,0.55,3,12.983333333333334,41.0
R0312,Ward_13,5.569722222222222,0.0,0.0,6.2e-05,664.9,1900.5655969429934,239.9,0.7,7,10.100000000000001,57.8
R0313,Ward_1,5.526527777777777,40.32,1.1953,4.3e-05,261.7,446.5106529660901,442.4,0.55,7,3.7,11.5
R0314,Ward_16,6.396111111111111,0.0,0.0,4.1e-05,664.9,656.7623629206711,408.5,0.85,13,11.16,54.0
R0315,Ward_2,6.430416666666667,3.98,1.6327,6.4e-05,625.1,1037.01733903965,70.2,0.85,11,3.9166666666666665,51.8
R0316,Ward_16,6.297222222222222,0.11,0.0227,-3e-06,663.8,1521.9641252477327,116.9,0.85,14,6.3999999999999995,60.1
R0317,Ward_15,6.311944444444444,2.0,0.446,2e-06,644.9,579.329682218134,240.5,0.55,5,3.5199999999999996,45.4
R0318,Ward_16,5.069722222222222,12.91,0.9352,-0.000127,535.8,993.6042111437822,422.6,0.95,19,11.6,45.1
R0319,Ward_17,6.515694444444445,28.24,1.1994,8.6e-05,382.5,1683.5992937195217,107.7,0.95,21,5.6,44.4
R0320,Ward_4,4.901527777777777,22.46,0.1177,9e-06,440.3,228.38032788914924,380.6,0.55,7,14.88,28.8
R0321,Ward_19,5.975694444444445,32.38,0.3097,-9e-06,341.1,663.297570523531,449.4,0.55,3,29.85,32.8
R0322,Ward_9,6.584444444444444,24.23,0.256,-8e-05,422.6,676.4443308509226,422.6,0.95,22,15.3,40.2
R0323,Ward_24,5.574722222222222,25.95,0.704,0.000103,405.4,763.695089838399,237.4,0.7,9,3.02,32.2
R0324,Ward_18,5.359722222222222,23.29,0.7701,-4.5e-05,432.0,1902.1316455533179,247.1,0.85,12,5.319999999999999,44.0
R0325,Ward_3,4.675694444444444,19.16,0.6194,2.7e-05,473.3,1321.3126039136546,191.2,0.95,20,10.745454545454546,50.8
R0326,Ward_10,5.515,24.38,0.1301,-7.4e-05,421.1,49.376137673699645,70.6,0.95,22,19.216666666666665,34.2
R0327,Ward_6,4.80375,26.43,0.9311,-3.5e-05,400.6,1046.818198582284,247.1,0.85,10,0.1,34.7
R0328,Ward_12,6.37,19.65,0.6565,-2.8e-05,468.4,2716.70850282913,86.0,0.95,22,18.2,55.1
R0329,Ward_17,5.825277777777778,50.88,1.3398,-8.1e-05,156.1,1091.3390286681183,377.0,0.7,6,9.066666666666666,29.8
R0330,Ward_9,5.289722222222222,29.33,1.381,-2e-06,371.6,704.4795954577285,228.6,0.7,6,10.683333333333332,29.7
R0331,Ward_3,4.92,47.25,1.9401,-6.3e-05,192.4,2223.4651559838044,119.4,0.95,20,15.466666666666667,34.0
R0332,Ward_20,5.586527777777778,0.0,0.0,0.0,664.9,164.25572104655396,71.2,0.85,11,7.62,44.1
R0333,Ward_12,5.904305555555556,0.86,0.1776,-8e-06,656.3,1612.2224555132625,433.9,0.7,9,0.0,51.0
R0334,Ward_2,5.181805555555555,28.55,1.1808,3.9e-05,379.4,2040.002331663008,458.1,0.7,10,2.45,30.0
R0335,Ward_18,5.367083333333333,17.25,0.2519,4.9e-05,492.4,489.0283758788706,277.9,0.7,7,32.3,41.1
R0336,Ward_9,5.863472222222223,31.95,0.1363,2.7e-05,345.4,492.6391743423591,72.4,0.7,9,12.863636363636363,31.9
R0337,Ward_5,6.941944444444444,38.93,0.9414,-0.000111,275.6,2572.981582261977,212.6,0.55,4,19.375,37.6
R0338,Ward_2,7.093333333333334,27.01,0.384,-3.1e-05,394.8,907.203528316683,433.9,0.85,11,13.86,40.9
R0339,Ward_7,4.66375,22.25,0.576,3.2e-05,442.4,1278.546443726177,240.4,0.85,14,5.65,44.3
R0340,Ward_14,5.418611111111111,19.26,0.0062,6.1e-05,472.3,1255.4394351449291,118.2,0.85,12,13.6,50.6
R0341,Ward_9,5.727222222222222,21.82,0.2953,-4.6e-05,446.7,1149.212948957935,80.3,0.55,6,11.25,49.8
R0342,Ward_6,5.359722222222222,14.92,1.1086,-9e-06,515.7,690.1559930229444,247.1,0.55,4,6.366666666666667,38.3
R0343,Ward_4,5.659722222222222,16.69,0.5368,-1.5e-05,498.0,399.2069716974705,123.3,0.55,3,9.1,37.0
R0344,Ward_1,5.659722222222222,21.32,1.4347,2.4e-05,451.7,620.3270928968989,123.3,0.7,7,14.7,37.1
R0345,Ward_15,6.13125,0.0,0.0,0.0,664.9,649.446272694092,240.2,0.95,22,3.9,55.0
R0346,Ward_12,6.218472222222222,13.11,1.8762,-0.000131,533.8,1182.5564228321898,200.2,0.55,4,8.828571428571427,40.6
R0347,Ward_13,5.255694444444445,48.9,0.1321,-9.3e-05,175.9,1077.0683311802863,87.8,0.7,9,17.75,43.6
R0348,Ward_23,5.491805555555556,20.65,2.9767,3.1e-05,458.4,1201.4802997789916,164.0,0.85,14,6.3,39.2
R0349,Ward_7,5.541944444444444,33.4,0.2849,-4.3e-05,330.9,546.2407431003819,351.6,0.7,9,5.4,30.3
R0350,Ward_24,5.505138888888889,33.25,1.1065,5e-05,332.4,722.6672955142938,382.5,0.7,9,10.116666666666665,27.3
R0351,Ward_11,6.991805555555556,24.94,2.1978,8.8e-05,415.5,1393.5146677232995,199.8,0.95,18,20.466666666666665,39.6
R0352,Ward_23,7.781666666666666,22.19,1.4079,8.7e-05,443.0,858.819985369622,409.5,0.95,18,7.071428571428571,35.7
R0353,Ward_24,4.80375,10.6,0.8217,-5.4e-05,558.9,1842.0097468095387,247.1,0.85,10,10.333333333333334,49.0
R0354,Ward_4,7.275138888888888,19.32,0.1198,-4.4e-05,471.7,690.4134067256667,312.3,0.95,22,8.559999999999999,42.7
R0355,Ward_22,7.403333333333332,0.0,1.511,9.5e-05,664.9,2333.398264004678,195.5,0.55,3,9.1,50.9
R0356,Ward_21,4.94625,29.77,2.2288,2.7e-05,367.2,260.235356911753,107.7,0.7,10,15.819999999999999,22.0
R0357,Ward_24,6.376388888888888,26.49,1.9463,0.000205,400.0,3055.7723047965965,451.5,0.7,8,0.0,31.1
R0358,Ward_13,5.798194444444444,26.35,0.7556,-7e-05,401.4,317.90584396491556,179.3,0.55,7,14.225,26.1
R0359,Ward_7,6.430416666666667,0.0,0.0,0.0,664.9,1682.072290987087,387.2,0.85,13,8.233333333333334,54.6
R0360,Ward_7,5.497916666666667,0.0,0.0,1.6e-05,664.9,1441.259632861518,269.4,0.55,3,7.4,55.0
R0361,Ward_3,6.450833333333333,0.0,0.0,0.0,664.9,1126.0476778084758,408.5,0.95,21,1.2,53.3
R0362,Ward_9,5.253888888888889,21.49,0.9621,3.7e-05,450.0,719.1634316652776,419.6,0.55,7,8.120000000000001,31.0
R0363,Ward_7,6.149583333333333,0.0,0.0,0.0,664.9,1543.7012857113975,383.2,0.95,21,0.7,55.2
R0364,Ward_4,6.941944444444444,24.65,0.5203,9.1e-05,418.4,1944.8115017473474,95.0,0.85,13,4.985714285714286,44.2
R0365,Ward_12,5.425972222222223,8.82,0.5286,3.1e-05,576.7,765.7640667252607,124.2,0.85,12,35.05,56.3
R0366,Ward_20,5.867777777777778,0.0,0.0,0.0,664.9,877.5010758596533,86.0,0.55,5,16.75,58.6
R0367,Ward_18,5.037361111111111,7.37,1.0033,1.1e-05,591.2,1009.584387395655,177.6,0.95,20,8.175,51.0
R0368,Ward_3,5.727222222222222,2.43,0.8981,9.6e-05,640.6,1101.4891775438427,369.1,0.85,12,12.685714285714285,50.7
R0369,Ward_21,5.491805555555556,50.61,1.2551,1.1e-05,158.8,1380.5425546490192,439.7,0.55,7,8.575,24.1
R0370,Ward_14,5.569722222222222,0.0,0.0,6.7e-05,664.9,1455.3562803093241,239.9,0.7,9,14.049999999999999,60.6
R0371,Ward_5,5.910277777777777,31.95,0.4418,-3.5e-05,345.4,932.0796410472653,384.8,0.95,22,10.166666666666666,40.9
R0372,Ward_5,5.615277777777778,28.23,0.8547,-0.000135,382.6,713.1690684561695,196.4,0.7,9,17.46666666666667,36.3
R0373,Ward_13,5.9127777777777775,4.03,0.1074,2.9e-05,624.6,1778.845421492962,107.7,0.85,13,7.1000000000000005,59.9
R0374,Ward_11,7.161388888888889,7.33,0.5327,4.7e-05,591.6,252.34846551765057,203.1,0.85,11,20.87142857142857,42.7
R0375,Ward_2,7.093333333333334,0.0,0.0,0.0,664.9,1664.6723720264229,433.9,0.7,9,5.3,53.9
R0376,Ward_1,5.590277777777778,0.0,0.0,0.0,664.9,670.3429799885449,451.5,0.85,12,16.400000000000002,51.3
R0377,Ward_18,5.738333333333333,14.5,0.7701,7.6e-05,519.9,288.1994600775179,277.7,0.7,8,5.766666666666667,30.5
R0378,Ward_9,5.305555555555555,32.74,0.9745,1.5e-05,337.5,451.2384530136428,458.1,0.55,7,15.549999999999999,19.5
R0379,Ward_11,7.467499999999999,0.0,0.0,0.000358,664.9,2574.9726310763454,72.7,0.95,18,13.714285714285714,65.6
R0380,Ward_10,4.8661111111111115,37.8,1.8823,-0.000151,286.9,592.5080893718604,102.2,0.55,7,8.0,22.5
R0381,Ward_18,5.069722222222222,18.06,0.2602,-0.000139,484.3,1071.6244779985025,422.6,0.7,6,13.5,43.8
R0382,Ward_14,6.178472222222222,34.66,0.2891,-5.5e-05,318.3,1733.929358880511,119.4,0.7,7,8.65,42.1
R0383,Ward_5,6.250277777777778,4.76,0.3696,3.3e-05,617.3,1191.2392328844724,448.8,0.85,11,6.371428571428572,49.0
R0384,Ward_6,5.492777777777778,44.68,0.9538,7.7e-05,218.1,1198.5927380932808,365.4,0.7,6,3.6666666666666665,26.4
R0385,Ward_5,5.084305555555556,46.76,2.0514,-0.0,197.3,1983.1435870987116,439.7,0.7,8,4.571428571428571,21.2
R0386,Ward_8,5.434166666666666,1.42,0.638,0.000103,650.7,595.2966306525688,412.8,0.85,14,10.44,44.6
R0387,Ward_6,5.418611111111111,23.22,0.2705,-6.5e-05,432.7,1252.4444987422326,118.2,0.85,12,11.299999999999999,47.9
R0388,Ward_20,6.290555555555556,0.0,0.0557,4e-06,664.9,1247.0376990172629,158.8,0.55,6,1.95,58.3
R0389,Ward_17,5.460694444444445,34.35,0.2705,5.6e-05,321.4,789.1312769941419,458.1,0.55,7,3.75,25.7
R0390,Ward_18,4.2629166666666665,42.71,0.6772,-5.8e-05,237.8,1859.42158424879,445.9,0.95,18,7.516666666666667,29.9
R0391,Ward_20,4.8661111111111115,17.79,1.9772,-4e-06,487.0,1223.3929941402512,240.5,0.55,5,10.214285714285714,34.5
R0392,Ward_14,4.66375,27.9,2.3463,-0.000106,385.9,1606.4991460351685,191.2,0.95,21,13.960000000000003,40.1
R0393,Ward_21,5.9679166666666665,16.88,0.7928,9e-06,496.1,1209.8629842404262,56.0,0.7,9,7.433333333333333,50.6
R0394,Ward_2,5.573472222222223,31.18,0.2643,-7e-06,353.1,1455.87800946393,253.6,0.7,9,14.9,44.6
R0395,Ward_4,5.255694444444445,25.12,0.192,-2e-05,413.7,566.842288969556,87.8,0.85,11,17.4,41.4
R0396,Ward_19,5.994305555555555,5.3,2.3153,7.7e-05,611.9,1835.167057280161,409.5,0.85,11,0.0,42.1
R0397,Ward_22,6.673333333333334,0.0,0.0,0.0,664.9,2033.6671502667114,180.6,0.55,3,12.9,61.1
R0398,Ward_24,7.206527777777778,12.44,1.5193,-7.8e-05,540.5,782.0765649424401,290.1,0.7,9,17.28,41.8
R0399,Ward_3,5.734583333333333,14.98,2.0246,2.1e-05,515.1,1718.7508929394346,80.3,0.7,10,13.4,44.1
R0400,Ward_23,6.515694444444445,27.39,1.218,0.000123,391.0,1891.6049808729656,116.6,0.7,10,8.32,36.4
R0401,Ward_7,5.497916666666667,0.0,0.0,0.0,664.9,941.5518502389101,269.4,0.7,8,7.959999999999999,56.2
R0402,Ward_2,4.6530555555555555,28.28,3.0241,-5e-05,382.1,1461.3335320247475,398.0,0.95,21,8.64,33.8
R0403,Ward_11,5.255694444444445,25.24,1.0446,1.4e-05,412.5,567.4635869356505,237.4,0.7,8,8.833333333333334,31.6
R0404,Ward_21,6.747083333333333,34.89,1.7916,-0.000155,316.0,83.13946403041005,236.5,0.55,3,0.0,7.2
R0405,Ward_7,5.925138888888889,21.5,0.6235,0.000123,449.9,512.6751533735933,102.2,0.85,10,24.85,42.8
R0406,Ward_23,5.758472222222222,0.0,0.0,0.0,664.9,797.1646613631731,153.4,0.7,8,8.36,58.1
R0407,Ward_10,5.136111111111111,0.0,0.0,2.7e-05,664.9,490.89854031712804,215.6,0.7,10,3.55,48.3
R0408,Ward_5,6.42375,0.0,0.3861,2.4e-05,664.9,2985.6472390343392,114.1,0.85,14,8.780000000000001,61.4
R0409,Ward_15,4.901527777777777,46.85,1.9483,-0.000141,196.4,1022.0335826588391,406.7,0.85,10,24.45,31.7
R0410,Ward_4,5.486666666666666,47.51,1.8968,-6.8e-05,189.8,1647.8712175547132,189.7,0.55,3,10.425,29.3
R0411,Ward_15,6.104861111111111,0.0,0.0,4.7e-05,664.9,376.80016539652746,269.4,0.7,8,13.080000000000002,43.4
R0412,Ward_19,6.13125,8.19,1.7627,5e-06,583.0,1745.7064277731731,486.5,0.95,20,6.400000000000001,40.9
R0413,Ward_3,5.9127777777777775,10.35,2.204,5e-05,561.4,804.0782480438755,107.7,0.85,10,7.0,43.5
R0414,Ward_19,4.9775,19.17,0.2292,4.4e-05,473.2,1274.629391852828,196.4,0.55,6,8.440000000000001,45.9
R0415,Ward_16,5.136666666666667,55.34,0.32,-2.4e-05,111.5,1707.5160251324708,458.1,0.85,13,11.666666666666666,33.9
R0416,Ward_15,6.178472222222222,24.73,0.6194,5.6e-05,417.6,2081.591534772629,123.3,0.85,12,11.95,45.4
R0417,Ward_5,6.160416666666666,0.0,0.0,0.0,664.9,809.1852043051961,442.3,0.55,7,13.64,50.7
R0418,Ward_7,5.367083333333333,22.15,1.6575,8.1e-05,443.4,1646.3403582882877,429.9,0.95,20,0.0,34.4
R0419,Ward_6,4.590138888888889,10.34,0.0867,-1.2e-05,561.5,516.1861271209033,269.4,0.55,6,5.05,41.1
R0420,Ward_5,6.160416666666666,0.0,0.0,0.0,664.9,1207.340351435758,153.4,0.7,6,12.666666666666666,58.7
R0421,Ward_3,5.573472222222223,30.43,0.7082,-0.000147,360.6,1466.5482771151576,253.6,0.85,12,7.2,41.3
R0422,Ward_13,5.2058333333333335,28.1,3.4645,0.000128,383.9,1904.4580004388088,458.1,0.95,22,14.02,31.6
R0423,Ward_3,7.699027777777778,13.76,2.608,-1.5e-05,527.3,619.4139291341911,130.1,0.7,6,3.8000000000000003,33.3
R0424,Ward_14,5.359722222222222,11.27,1.2593,6.1e-05,552.2,1893.1446567541645,247.1,0.95,22,10.65,46.5
R0425,Ward_2,4.597083333333334,2.01,0.415,-4.7e-05,644.8,1358.3837271965847,216.2,0.85,12,7.3875,55.6
R0426,Ward_8,5.590277777777778,0.0,0.0,0.0,664.9,553.2763690383711,451.5,0.95,18,5.14,45.7
R0427,Ward_16,5.340138888888889,14.37,1.7648,9.2e-05,521.2,1162.6228615477444,133.9,0.55,3,12.639999999999999,45.0
R0428,Ward_6,4.590138888888889,18.79,0.7618,4e-05,477.0,907.9979515167854,269.4,0.55,7,0.0,34.2
R0429,Ward_24,5.766388888888889,32.69,2.5956,-0.000121,338.0,390.23821208772125,453.3,0.95,18,12.125,18.6
R0430,Ward_2,4.901527777777777,36.59,0.0,-3.2e-05,299.0,1043.831868261451,406.7,0.95,22,15.3,40.1
R0431,Ward_8,6.519583333333333,22.18,0.8857,-1.6e-05,443.1,1169.9297280087126,279.8,0.7,9,6.1000000000000005,40.5
R0432,Ward_16,5.7498611111111115,3.76,1.4656,7.6e-05,627.3,1932.2988278277364,196.4,0.55,5,5.55,43.6
R0433,Ward_21,4.765416666666667,20.68,0.7556,-2.7e-05,458.1,1821.002964848074,387.2,0.85,14,10.6,42.9
R0434,Ward_11,4.629583333333333,23.01,0.6669,-2.1e-05,434.8,1984.7598278482528,388.6,0.7,10,5.8,37.7
R0435,Ward_20,5.255694444444445,21.29,0.8155,-6.5e-05,452.0,357.3607864406945,237.4,0.85,10,11.6,28.2
R0436,Ward_3,5.3926388888888885,34.25,1.7008,-3.3e-05,322.4,767.5559054523216,445.8,0.95,18,7.160000000000001,22.4
R0437,Ward_23,4.6925,29.61,0.4914,1.3e-05,368.8,121.12858076819765,170.1,0.85,13,11.100000000000001,26.8
R0438,Ward_20,5.434166666666666,0.0,0.0,0.0,664.9,403.38999171071197,408.5,0.7,7,14.0875,44.2
R0439,Ward_3,7.185555555555556,8.33,0.4026,-2.6e-05,581.6,483.5974633200719,72.7,0.55,3,13.9,43.6
R0440,Ward_17,7.222777777777777,4.21,0.0681,0.000575,622.8,1928.100077650035,383.2,0.95,18,7.466666666666666,55.2
R0441,Ward_13,4.2629166666666665,41.59,0.5595,-6.2e-05,249.0,1767.0716016469858,445.9,0.55,5,8.719999999999999,31.7
R0442,Ward_6,5.665,36.36,1.7256,-0.000107,301.3,807.374730785074,349.0,0.95,19,3.5,24.9
R0443,Ward_16,6.606111111111111,5.11,1.4553,0.000104,613.8,346.1917202848592,346.1,0.95,19,16.54285714285714,37.7
R0444,Ward_2,5.766388888888889,17.0,1.6389,7.9e-05,494.9,283.59162402914393,442.2,0.55,3,11.700000000000001,24.0
R0445,Ward_5,5.830277777777777,32.12,1.0219,2.9e-05,343.7,1932.4500528385104,118.2,0.7,10,9.766666666666667,38.7
R0446,Ward_1,6.160416666666666,8.2,0.5203,2.5e-05,582.9,234.98540547211795,442.3,0.85,11,16.2,36.9
R0447,Ward_4,5.181805555555555,41.63,0.9022,-0.000132,248.6,1656.6320916576776,406.7,0.85,10,6.566666666666666,29.9
R0448,Ward_5,5.758472222222222,11.67,0.0557,-2.3e-05,548.2,1239.8393977539863,153.4,0.55,7,10.95,52.4
R0449,Ward_8,5.569722222222222,19.82,0.3035,-4.2e-05,466.7,347.8838300034921,239.9,0.7,9,13.414285714285715,33.7
R0450,Ward_23,5.4286111111111115,31.1,3.0096,-0.000135,353.9,1655.8771447730812,123.3,0.95,18,10.283333333333333,41.9
R0451,Ward_3,4.514444444444445,32.79,1.3583,1.8e-05,337.0,1660.1245926610063,350.2,0.7,10,13.825,35.4
R0452,Ward_9,7.504722222222223,30.13,0.0537,0.000122,363.6,2243.4453245011387,191.2,0.7,7,9.450000000000001,44.8
R0453,Ward_10,6.425833333333333,0.0,0.0,0.0,664.9,382.01871612496313,292.3,0.95,20,4.9,44.2
R0454,Ward_19,6.671944444444445,35.44,1.4986,-0.000185,310.5,270.67688022597065,189.2,0.85,13,7.5249999999999995,15.7
R0455,Ward_5,5.917916666666667,21.22,0.4067,-6.7e-05,452.7,487.7040461569448,196.4,0.7,9,16.366666666666667,39.2
R0456,Ward_6,6.710833333333333,0.0,0.0,0.0,664.9,1240.2817642884509,258.5,0.85,13,10.699999999999998,59.0
R0457,Ward_14,5.798194444444444,25.71,1.024,4.9e-05,407.8,650.6366210873398,179.3,0.7,6,12.925,34.5
R0458,Ward_5,5.526527777777777,37.81,0.5182,-0.0,286.8,157.14298597120577,442.4,0.55,7,6.433333333333334,12.1
R0459,Ward_23,7.197361111111111,3.57,0.5595,-6.9e-05,629.2,2490.217471645289,290.1,0.95,18,12.742857142857144,56.2
R0460,Ward_1,6.13125,16.73,1.4718,-1.8e-05,497.6,1974.2252948953994,486.5,0.55,7,8.325,35.7
R0461,Ward_9,6.184166666666666,29.81,0.9703,-3.3e-05,366.8,434.75726880710806,384.8,0.55,6,17.96,25.4
R0462,Ward_4,6.430416666666667,0.0,0.0,0.0,664.9,1131.059997530403,387.2,0.85,10,11.8,55.5
R0463,Ward_24,6.074722222222222,2.87,0.9394,5.2e-05,636.2,1288.9998129109804,192.4,0.55,6,13.95,52.4
R0464,Ward_16,4.795833333333333,14.54,0.574,-1.6e-05,519.5,112.07439458592532,327.5,0.85,10,8.7625,31.5
R0465,Ward_6,5.396111111111111,20.68,0.9889,-1.1e-05,458.1,1402.9120780560368,350.2,0.7,6,0.1,39.8
R0466,Ward_5,7.772777777777778,6.93,0.4439,8.6e-05,595.6,2456.3255170857,247.1,0.7,10,28.96666666666667,59.5
R0467,Ward_16,5.240555555555556,18.6,0.1321,7e-06,478.9,677.5111919652542,118.2,0.55,5,6.733333333333333,41.9
R0468,Ward_23,5.52625,0.0,0.0,0.0,664.9,388.23452052777003,114.1,0.55,4,8.866666666666667,43.7
R0469,Ward_15,5.077916666666667,30.19,0.3138,-4.8e-05,363.0,1149.5338072129618,108.2,0.7,7,6.199999999999999,46.1
R0470,Ward_16,5.0438888888888895,25.31,0.6545,6.2e-05,411.8,815.1535949770648,102.2,0.7,9,14.233333333333334,41.7
R0471,Ward_24,9.049444444444445,0.0,0.0,0.0,664.9,977.7986011424806,128.1,0.85,14,1.8,57.6
R0472,Ward_20,5.305555555555555,37.46,0.0516,-6.5e-05,290.3,938.030584777666,458.1,0.55,3,3.775,27.8
R0473,Ward_7,5.679305555555556,16.91,1.2036,4.7e-05,495.8,880.4995361722812,439.7,0.85,13,6.975,42.6
R0474,Ward_15,5.574722222222222,34.29,0.1631,-7.5e-05,322.0,993.9375062275622,430.8,0.55,5,5.4,36.9
R0475,Ward_5,5.359722222222222,23.16,1.2634,-5e-06,433.3,1575.0678229662542,247.1,0.95,21,2.2666666666666666,37.0
R0476,Ward_21,4.8661111111111115,22.29,2.507,5.3e-05,442.0,1735.6581430403958,240.5,0.95,21,6.1000000000000005,37.4
R0477,Ward_8,5.925138888888889,29.74,0.7185,6.6e-05,367.5,339.39435060961387,102.2,0.7,9,8.76,28.5
R0478,Ward_14,6.13125,6.82,0.6235,1.1e-05,596.7,1895.790063533108,258.5,0.95,20,11.25,54.1
R0479,Ward_12,5.209583333333333,23.22,0.9497,7.9e-05,432.7,1413.1821814934362,455.6,0.85,10,10.260000000000002,37.4
R0480,Ward_10,6.396111111111111,1.8,0.254,5.1e-05,646.9,842.1329521527233,423.8,0.95,20,11.625,54.5
R0481,Ward_9,6.272916666666666,0.0,0.2147,1.4e-05,664.9,2134.6346786430995,433.9,0.95,20,11.455555555555556,62.2
R0482,Ward_11,5.573472222222223,23.78,1.6843,4.6e-05,427.1,790.7646491409023,253.6,0.7,9,7.8,31.0
R0483,Ward_18,4.8661111111111115,34.44,0.8712,-0.000103,320.5,1908.131684042745,352.2,0.85,14,8.9875,37.3
R0484,Ward_1,6.074722222222222,7.23,0.5864,-3.4e-05,592.6,1778.330016679046,192.4,0.95,20,8.714285714285714,55.5
R0485,Ward_3,5.615277777777778,30.99,0.7433,-0.000134,355.0,1896.284292096248,196.4,0.95,18,3.1,38.0
R0486,Ward_7,6.376388888888888,12.4,1.7049,-9.1e-05,540.9,2637.4659776438994,383.2,0.95,22,0.0,41.5
R0487,Ward_8,7.467499999999999,0.0,1.6843,0.000106,664.9,1931.7745338993925,72.7,0.85,14,8.185714285714285,54.3
R0488,Ward_1,5.367083333333333,8.6,2.4267,0.000174,578.9,1428.6022760528592,338.7,0.95,22,2.7,42.4
R0489,Ward_14,5.181805555555555,24.51,2.7131,-0.00012,419.8,1494.7714870220623,108.2,0.95,21,13.977777777777778,41.1
R0490,Ward_3,5.240555555555556,12.07,0.3014,4.2e-05,544.2,692.5562582333025,445.9,0.85,10,10.049999999999999,39.2
R0491,Ward_22,5.734583333333333,8.19,1.7627,5e-06,583.0,1950.7693857253598,292.3,0.7,9,8.93,43.1
R0492,Ward_4,4.6530555555555555,13.62,1.8617,7.3e-05,528.7,2061.3662990279186,107.7,0.7,10,10.266666666666667,43.3
R0493,Ward_24,6.584444444444444,0.0,0.0,2.7e-05,664.9,401.511949895336,60.8,0.85,13,2.6,50.3
R0494,Ward_9,5.679305555555556,37.93,0.0599,-0.000151,285.6,971.2681150074997,429.9,0.55,7,19.266666666666666,37.0
R0495,Ward_10,6.425833333333333,0.78,1.2428,6.8e-05,657.1,1478.0594456070976,292.3,0.85,11,13.466666666666667,52.9
R0496,Ward_9,7.772777777777778,21.14,1.3563,4.8e-05,453.5,1038.3090773417782,133.9,0.95,22,7.225,44.6
R0497,Ward_15,7.197361111111111,8.83,1.8225,-2.9e-05,576.6,1806.243784036132,290.1,0.7,9,14.666666666666666,45.7
R0498,Ward_10,5.9127777777777775,25.45,0.351,-1.6e-05,410.4,1322.4583581566953,398.0,0.55,4,7.8999999999999995,40.0
R0499,Ward_10,6.016944444444444,19.82,0.3035,-4.2e-05,466.7,578.0842360792176,239.9,0.55,5,6.779999999999999,37.6
