latitude,longitude,elevation_m
18.87,72.77,0.0
18.87,72.775,0.0
18.87,72.78,0.0
18.87,72.785,8.17
18.87,72.79,15.45
18.87,72.795,20.97
18.87,72.8,26.01
18.87,72.805,22.89
18.87,72.81,20.11
18.87,72.815,15.95
18.87,72.82,13.41
18.87,72.825,9.11
18.87,72.83,3.81
18.87,72.835,1.16
18.87,72.84,5.39
18.87,72.845,0.0
18.87,72.85,0.0
18.87,72.855,1.6
18.87,72.86,6.34
18.87,72.865,8.27
18.87,72.87,16.94
18.87,72.875,24.94
18.87,72.88,36.49
18.87,72.885,41.03
18.87,72.89,44.59
18.87,72.895,45.08
18.87,72.9,35.19
18.87,72.905,27.06
18.87,72.91,13.35
18.87,72.915,1.48
18.87,72.92,1.63
18.87,72.925,0.0
18.87,72.93,5.3
18.87,72.935,16.52
18.87,72.94,30.98
18.87,72.945,39.0
18.87,72.95,46.29
18.87,72.955,52.47
18.87,72.96,51.72
18.87,72.965,48.21
18.87,72.97,45.05
18.87,72.975,37.56
18.87,72.98,32.68
18.87,72.985,37.64
18.87,72.99,31.65
18.87,72.995,30.25
18.87,73.0,26.91
18.875,72.77,0.0
18.875,72.775,0.0
18.875,72.78,0.0
18.875,72.785,7.32
18.875,72.79,17.42
18.875,72.795,22.97
18.875,72.8,23.72
18.875,72.805,20.01
18.875,72.81,15.08
18.875,72.815,11.17
18.875,72.82,4.94
18.875,72.825,2.54
18.875,72.83,6.24
18.875,72.835,6.34
18.875,72.84,7.5
18.875,72.845,4.03
18.875,72.85,0.51
18.875,72.855,0.0
18.875,72.86,1.07
18.875,72.865,7.73
18.875,72.87,17.08
18.875,72.875,23.99
18.875,72.88,31.57
18.875,72.885,40.31
18.875,72.89,44.16
18.875,72.895,43.26
18.875,72.9,39.09
18.875,72.905,28.28
18.875,72.91,13.62
18.875,72.915,4.6
18.875,72.92,0.0
18.875,72.925,0.0
18.875,72.93,11.09
18.875,72.935,13.93
18.875,72.94,27.26
18.875,72.945,45.37
18.875,72.95,49.01
18.875,72.955,49.36
18.875,72.96,51.49
18.875,72.965,47.51
18.875,72.97,38.32
18.875,72.975,35.74
18.875,72.98,36.06
18.875,72.985,31.78
18.875,72.99,33.97
18.875,72.995,36.16
18.875,73.0,27.67
18.88,72.77,0.0
18.88,72.775,0.0
18.88,72.78,0.0
18.88,72.785,5.25
18.88,72.79,15.44
18.88,72.795,16.18
18.88,72.8,15.75
18.88,72.805,19.55
18.88,72.81,15.31
18.88,72.815,11.19
18.88,72.82,8.73
18.88,72.825,9.66
18.88,72.83,7.76
18.88,72.835,8.4
18.88,72.84,5.49
18.88,72.845,2.43
18.88,72.85,6.78
18.88,72.855,7.6
18.88,72.86,6.27
18.88,72.865,11.91
18.88,72.87,15.04
18.88,72.875,22.61
18.88,72.88,33.53
18.88,72.885,35.16
18.88,72.89,37.75
18.88,72.895,33.56
18.88,72.9,33.81
18.88,72.905,23.61
18.88,72.91,17.29
18.88,72.915,9.86
18.88,72.92,6.4
18.88,72.925,8.08
18.88,72.93,13.29
18.88,72.935,23.6
18.88,72.94,33.15
18.88,72.945,39.34
18.88,72.95,46.07
18.88,72.955,47.63
18.88,72.96,46.44
18.88,72.965,45.94
18.88,72.97,37.28
18.88,72.975,35.76
18.88,72.98,33.7
18.88,72.985,33.99
18.88,72.99,35.82
18.88,72.995,32.1
18.88,73.0,34.88
18.885,72.77,0.0
18.885,72.775,0.0
18.885,72.78,0.0
18.885,72.785,4.84
18.885,72.79,3.26
18.885,72.795,7.6
18.885,72.8,8.2
18.885,72.805,10.72
18.885,72.81,10.81
18.885,72.815,13.31
18.885,72.82,12.64
18.885,72.825,11.6
18.885,72.83,7.01
18.885,72.835,8.14
18.885,72.84,6.66
18.885,72.845,6.6
18.885,72.85,5.57
18.885,72.855,10.65
18.885,72.86,13.72
18.885,72.865,16.88
18.885,72.87,20.72
18.885,72.875,24.1
18.885,72.88,22.55
18.885,72.885,25.45
18.885,72.89,27.15
18.885,72.895,25.05
18.885,72.9,26.43
18.885,72.905,23.36
18.885,72.91,18.0
18.885,72.915,22.7
18.885,72.92,20.5
18.885,72.925,17.69
18.885,72.93,22.07
18.885,72.935,22.19
18.885,72.94,29.01
18.885,72.945,30.59
18.885,72.95,31.99
18.885,72.955,38.3
18.885,72.96,39.76
18.885,72.965,39.62
18.885,72.97,37.83
18.885,72.975,37.94
18.885,72.98,36.52
18.885,72.985,38.03
18.885,72.99,31.6
18.885,72.995,33.84
18.885,73.0,33.29
18.89,72.77,8.95
18.89,72.775,4.24
18.89,72.78,1.02
18.89,72.785,0.0
18.89,72.79,0.0
18.89,72.795,0.0
18.89,72.8,2.78
18.89,72.805,7.59
18.89,72.81,9.64
18.89,72.815,11.67
18.89,72.82,11.94
18.89,72.825,12.4
18.89,72.83,10.46
18.89,72.835,10.84
18.89,72.84,7.27
18.89,72.845,9.51
18.89,72.85,10.0
18.89,72.855,16.08
18.89,72.86,20.55
18.89,72.865,22.8
18.89,72.87,23.57
18.89,72.875,22.09
18.89,72.88,19.52
18.89,72.885,17.49
18.89,72.89,8.54
18.89,72.895,15.62
18.89,72.9,12.96
18.89,72.905,22.03
18.89,72.91,31.89
18.89,72.915,32.02
18.89,72.92,35.25
18.89,72.925,34.32
18.89,72.93,33.9
18.89,72.935,29.57
18.89,72.94,23.96
18.89,72.945,23.15
18.89,72.95,21.63
18.89,72.955,26.55
18.89,72.96,30.48
18.89,72.965,36.37
18.89,72.97,38.34
18.89,72.975,40.94
18.89,72.98,40.79
18.89,72.985,38.75
18.89,72.99,36.6
18.89,72.995,34.12
18.89,73.0,33.23
18.895,72.77,16.56
18.895,72.775,10.15
18.895,72.78,4.77
18.895,72.785,0.0
18.895,72.79,0.0
18.895,72.795,0.0
18.895,72.8,0.0
18.895,72.805,0.0
18.895,72.81,6.6
18.895,72.815,12.22
18.895,72.82,11.21
18.895,72.825,12.93
18.895,72.83,12.58
18.895,72.835,12.09
18.895,72.84,9.04
18.895,72.845,15.43
18.895,72.85,12.94
18.895,72.855,24.16
18.895,72.86,26.11
18.895,72.865,24.74
18.895,72.87,25.43
18.895,72.875,16.45
18.895,72.88,12.25
18.895,72.885,6.78
18.895,72.89,4.03
18.895,72.895,3.51
18.895,72.9,10.35
18.895,72.905,21.03
18.895,72.91,29.77
18.895,72.915,40.57
18.895,72.92,43.77
18.895,72.925,47.08
18.895,72.93,43.77
18.895,72.935,32.76
18.895,72.94,27.46
18.895,72.945,19.39
18.895,72.95,15.68
18.895,72.955,18.39
18.895,72.96,24.2
18.895,72.965,26.66
18.895,72.97,37.16
18.895,72.975,39.79
18.895,72.98,42.85
18.895,72.985,41.33
18.895,72.99,38.94
18.895,72.995,37.37
18.895,73.0,42.35
18.9,72.77,24.94
18.9,72.775,14.29
18.9,72.78,8.91
18.9,72.785,0.0
18.9,72.79,0.0
18.9,72.795,0.0
18.9,72.8,0.0
18.9,72.805,0.0
18.9,72.81,0.84
18.9,72.815,5.17
18.9,72.82,9.45
18.9,72.825,11.18
18.9,72.83,16.05
18.9,72.835,10.73
18.9,72.84,19.74
18.9,72.845,21.82
18.9,72.85,20.39
18.9,72.855,26.87
18.9,72.86,27.39
18.9,72.865,20.19
18.9,72.87,16.72
18.9,72.875,16.72
18.9,72.88,5.61
18.9,72.885,3.17
18.9,72.89,2.28
18.9,72.895,4.16
18.9,72.9,13.1
18.9,72.905,17.49
18.9,72.91,32.62
18.9,72.915,36.49
18.9,72.92,44.85
18.9,72.925,47.98
18.9,72.93,43.73
18.9,72.935,37.78
18.9,72.94,29.09
18.9,72.945,21.89
18.9,72.95,17.27
18.9,72.955,16.5
18.9,72.96,16.22
18.9,72.965,21.32
18.9,72.97,28.27
18.9,72.975,33.52
18.9,72.98,35.55
18.9,72.985,42.87
18.9,72.99,44.44
18.9,72.995,43.46
18.9,73.0,47.27
18.905,72.77,23.53
18.905,72.775,16.96
18.905,72.78,12.03
18.905,72.785,3.2
18.905,72.79,0.0
18.905,72.795,0.0
18.905,72.8,0.0
18.905,72.805,0.0
18.905,72.81,0.0
18.905,72.815,0.0
18.905,72.82,0.78
18.905,72.825,6.8
18.905,72.83,14.98
18.905,72.835,24.79
18.905,72.84,25.56
18.905,72.845,32.14
18.905,72.85,29.94
18.905,72.855,25.17
18.905,72.86,22.22
18.905,72.865,18.06
18.905,72.87,14.19
18.905,72.875,7.38
18.905,72.88,0.97
18.905,72.885,2.25
18.905,72.89,1.54
18.905,72.895,4.38
18.905,72.9,14.9
18.905,72.905,20.78
18.905,72.91,34.32
18.905,72.915,41.91
18.905,72.92,43.56
18.905,72.925,47.38
18.905,72.93,45.78
18.905,72.935,42.79
18.905,72.94,32.18
18.905,72.945,28.82
18.905,72.95,18.59
18.905,72.955,18.16
18.905,72.96,16.69
18.905,72.965,14.09
18.905,72.97,21.54
18.905,72.975,21.91
18.905,72.98,34.68
18.905,72.985,43.29
18.905,72.99,48.52
18.905,72.995,53.44
18.905,73.0,58.32
18.91,72.77,13.84
18.91,72.775,20.99
18.91,72.78,13.14
18.91,72.785,13.1
18.91,72.79,2.91
18.91,72.795,0.24
18.91,72.8,0.0
18.91,72.805,0.0
18.91,72.81,0.0
18.91,72.815,0.0
18.91,72.82,0.0
18.91,72.825,5.73
18.91,72.83,20.23
18.91,72.835,27.18
18.91,72.84,40.22
18.91,72.845,37.27
18.91,72.85,36.54
18.91,72.855,29.97
18.91,72.86,20.37
18.91,72.865,7.41
18.91,72.87,3.03
18.91,72.875,0.63
18.91,72.88,0.0
18.91,72.885,3.95
18.91,72.89,9.28
18.91,72.895,13.46
18.91,72.9,18.28
18.91,72.905,29.04
18.91,72.91,28.24
18.91,72.915,34.05
18.91,72.92,37.15
18.91,72.925,43.07
18.91,72.93,45.63
18.91,72.935,42.17
18.91,72.94,40.14
18.91,72.945,35.32
18.91,72.95,31.1
18.91,72.955,16.51
18.91,72.96,15.39
18.91,72.965,11.53
18.91,72.97,11.22
18.91,72.975,18.48
18.91,72.98,29.1
18.91,72.985,40.74
18.91,72.99,55.66
18.91,72.995,60.78
18.91,73.0,65.38
18.915,72.77,9.46
18.915,72.775,14.05
18.915,72.78,14.46
18.915,72.785,13.38
18.915,72.79,8.93
18.915,72.795,1.43
18.915,72.8,0.0
18.915,72.805,0.0
18.915,72.81,0.0
18.915,72.815,0.0
18.915,72.82,0.0
18.915,72.825,2.79
18.915,72.83,20.12
18.915,72.835,28.95
18.915,72.84,38.52
18.915,72.845,38.19
18.915,72.85,31.91
18.915,72.855,26.6
18.915,72.86,13.16
18.915,72.865,7.4
18.915,72.87,4.35
18.915,72.875,0.0
18.915,72.88,0.0
18.915,72.885,9.82
18.915,72.89,12.45
18.915,72.895,19.51
18.915,72.9,25.72
18.915,72.905,28.07
18.915,72.91,30.27
18.915,72.915,32.17
18.915,72.92,29.13
18.915,72.925,32.89
18.915,72.93,41.41
18.915,72.935,39.89
18.915,72.94,40.2
18.915,72.945,35.93
18.915,72.95,31.45
18.915,72.955,23.47
18.915,72.96,14.41
18.915,72.965,8.97
18.915,72.97,11.18
18.915,72.975,13.99
18.915,72.98,24.45
18.915,72.985,34.32
18.915,72.99,55.64
18.915,72.995,63.73
18.915,73.0,65.71
18.92,72.77,3.93
18.92,72.775,8.99
18.92,72.78,11.22
18.92,72.785,8.85
18.92,72.79,3.71
18.92,72.795,2.71
18.92,72.8,0.0
18.92,72.805,0.0
18.92,72.81,0.0
18.92,72.815,0.0
18.92,72.82,0.0
18.92,72.825,8.19
18.92,72.83,16.73
18.92,72.835,23.86
18.92,72.84,35.75
18.92,72.845,30.61
18.92,72.85,28.55
18.92,72.855,23.62
18.92,72.86,12.98
18.92,72.865,12.64
18.92,72.87,5.1
18.92,72.875,2.41
18.92,72.88,7.51
18.92,72.885,11.77
18.92,72.89,16.4
18.92,72.895,19.35
18.92,72.9,22.03
18.92,72.905,30.79
18.92,72.91,24.27
18.92,72.915,30.99
18.92,72.92,27.39
18.92,72.925,33.29
18.92,72.93,35.91
18.92,72.935,39.15
18.92,72.94,40.44
18.92,72.945,34.32
18.92,72.95,32.06
18.92,72.955,24.73
18.92,72.96,21.73
18.92,72.965,14.46
18.92,72.97,12.48
18.92,72.975,19.7
18.92,72.98,23.5
18.92,72.985,38.61
18.92,72.99,45.86
18.92,72.995,54.64
18.92,73.0,55.59
18.925,72.77,6.3
18.925,72.775,1.42
18.925,72.78,4.51
18.925,72.785,1.8
18.925,72.79,3.03
18.925,72.795,6.85
18.925,72.8,2.36
18.925,72.805,0.0
18.925,72.81,0.31
18.925,72.815,0.46
18.925,72.82,4.05
18.925,72.825,9.5
18.925,72.83,11.59
18.925,72.835,16.59
18.925,72.84,19.45
18.925,72.845,19.61
18.925,72.85,18.5
18.925,72.855,17.39
18.925,72.86,17.72
18.925,72.865,15.93
18.925,72.87,10.9
18.925,72.875,12.6
18.925,72.88,12.7
18.925,72.885,17.74
18.925,72.89,17.54
18.925,72.895,25.21
18.925,72.9,23.23
18.925,72.905,26.75
18.925,72.91,23.66
18.925,72.915,26.94
18.925,72.92,29.48
18.925,72.925,27.64
18.925,72.93,31.18
18.925,72.935,34.36
18.925,72.94,32.09
18.925,72.945,30.7
18.925,72.95,34.89
18.925,72.955,27.39
18.925,72.96,28.62
18.925,72.965,26.21
18.925,72.97,26.34
18.925,72.975,31.77
18.925,72.98,33.25
18.925,72.985,38.61
18.925,72.99,37.43
18.925,72.995,46.29
18.925,73.0,45.8
18.93,72.77,0.0
18.93,72.775,3.13
18.93,72.78,0.0
18.93,72.785,0.0
18.93,72.79,1.96
18.93,72.795,2.83
18.93,72.8,4.67
18.93,72.805,9.99
18.93,72.81,12.15
18.93,72.815,13.94
18.93,72.82,11.83
18.93,72.825,10.1
18.93,72.83,10.71
18.93,72.835,6.82
18.93,72.84,3.8
18.93,72.845,3.45
18.93,72.85,7.45
18.93,72.855,9.07
18.93,72.86,17.27
18.93,72.865,22.77
18.93,72.87,27.93
18.93,72.875,21.5
18.93,72.88,24.52
18.93,72.885,19.6
18.93,72.89,17.28
18.93,72.895,16.8
18.93,72.9,20.2
18.93,72.905,20.07
18.93,72.91,23.25
18.93,72.915,25.83
18.93,72.92,26.53
18.93,72.925,26.46
18.93,72.93,22.33
18.93,72.935,26.17
18.93,72.94,25.5
18.93,72.945,24.44
18.93,72.95,29.01
18.93,72.955,34.66
18.93,72.96,36.06
18.93,72.965,42.34
18.93,72.97,46.38
18.93,72.975,47.21
18.93,72.98,38.1
18.93,72.985,35.2
18.93,72.99,33.62
18.93,72.995,32.71
18.93,73.0,35.44
18.935,72.77,0.0
18.935,72.775,0.0
18.935,72.78,0.0
18.935,72.785,0.0
18.935,72.79,0.0
18.935,72.795,3.13
18.935,72.8,8.82
18.935,72.805,15.65
18.935,72.81,22.32
18.935,72.815,26.19
18.935,72.82,22.76
18.935,72.825,15.03
18.935,72.83,8.03
18.935,72.835,0.0
18.935,72.84,0.0
18.935,72.845,0.0
18.935,72.85,0.0
18.935,72.855,6.56
18.935,72.86,12.15
18.935,72.865,27.29
18.935,72.87,31.32
18.935,72.875,29.74
18.935,72.88,33.22
18.935,72.885,25.31
18.935,72.89,22.14
18.935,72.895,21.6
18.935,72.9,19.34
18.935,72.905,22.94
18.935,72.91,21.99
18.935,72.915,28.23
18.935,72.92,24.09
18.935,72.925,27.34
18.935,72.93,18.01
18.935,72.935,18.23
18.935,72.94,20.49
18.935,72.945,21.33
18.935,72.95,27.3
18.935,72.955,35.15
18.935,72.96,40.85
18.935,72.965,47.54
18.935,72.97,53.23
18.935,72.975,49.89
18.935,72.98,48.14
18.935,72.985,36.68
18.935,72.99,29.92
18.935,72.995,23.16
18.935,73.0,19.11
18.94,72.77,0.0
18.94,72.775,0.0
18.94,72.78,0.0
18.94,72.785,0.0
18.94,72.79,0.0
18.94,72.795,6.87
18.94,72.8,18.31
18.94,72.805,24.63
18.94,72.81,29.22
18.94,72.815,31.5
18.94,72.82,25.5
18.94,72.825,13.67
18.94,72.83,2.0
18.94,72.835,0.0
18.94,72.84,0.0
18.94,72.845,0.0
18.94,72.85,0.0
18.94,72.855,2.34
18.94,72.86,8.8
18.94,72.865,21.69
18.94,72.87,26.49
18.94,72.875,35.27
18.94,72.88,37.8
18.94,72.885,28.68
18.94,72.89,25.39
18.94,72.895,23.64
18.94,72.9,19.17
18.94,72.905,18.06
18.94,72.91,21.22
18.94,72.915,19.25
18.94,72.92,16.8
18.94,72.925,14.39
18.94,72.93,21.6
18.94,72.935,18.97
18.94,72.94,17.51
18.94,72.945,23.23
18.94,72.95,29.58
18.94,72.955,40.82
18.94,72.96,47.1
18.94,72.965,54.22
18.94,72.97,58.34
18.94,72.975,57.25
18.94,72.98,48.11
18.94,72.985,38.61
18.94,72.99,25.01
18.94,72.995,16.66
18.94,73.0,11.17
18.945,72.77,0.0
18.945,72.775,0.0
18.945,72.78,0.0
18.945,72.785,0.0
18.945,72.79,7.13
18.945,72.795,14.47
18.945,72.8,23.58
18.945,72.805,24.56
18.945,72.81,27.16
18.945,72.815,29.12
18.945,72.82,21.05
18.945,72.825,11.82
18.945,72.83,2.91
18.945,72.835,0.0
18.945,72.84,0.0
18.945,72.845,0.0
18.945,72.85,0.0
18.945,72.855,1.29
18.945,72.86,7.92
18.945,72.865,17.79
18.945,72.87,27.37
18.945,72.875,31.89
18.945,72.88,36.74
18.945,72.885,40.94
18.945,72.89,35.48
18.945,72.895,29.95
18.945,72.9,30.44
18.945,72.905,19.82
18.945,72.91,15.33
18.945,72.915,16.2
18.945,72.92,12.79
18.945,72.925,10.51
18.945,72.93,13.67
18.945,72.935,16.02
18.945,72.94,18.66
18.945,72.945,23.7
18.945,72.95,35.85
18.945,72.955,47.42
18.945,72.96,51.0
18.945,72.965,56.4
18.945,72.97,55.66
18.945,72.975,47.79
18.945,72.98,43.09
18.945,72.985,35.69
18.945,72.99,24.76
18.945,72.995,19.18
18.945,73.0,17.94
18.95,72.77,0.0
18.95,72.775,0.0
18.95,72.78,0.0
18.95,72.785,0.87
18.95,72.79,11.05
18.95,72.795,19.25
18.95,72.8,26.21
18.95,72.805,23.78
18.95,72.81,19.7
18.95,72.815,20.42
18.95,72.82,13.23
18.95,72.825,7.01
18.95,72.83,4.77
18.95,72.835,2.64
18.95,72.84,0.0
18.95,72.845,0.0
18.95,72.85,0.0
18.95,72.855,2.0
18.95,72.86,4.16
18.95,72.865,10.54
18.95,72.87,19.19
18.95,72.875,31.17
18.95,72.88,38.04
18.95,72.885,39.24
18.95,72.89,46.24
18.95,72.895,36.74
18.95,72.9,34.42
18.95,72.905,26.92
18.95,72.91,15.29
18.95,72.915,6.38
18.95,72.92,2.53
18.95,72.925,3.76
18.95,72.93,10.86
18.95,72.935,14.03
18.95,72.94,22.32
18.95,72.945,36.39
18.95,72.95,45.01
18.95,72.955,53.37
18.95,72.96,49.15
18.95,72.965,51.16
18.95,72.97,50.88
18.95,72.975,44.39
18.95,72.98,38.65
18.95,72.985,35.57
18.95,72.99,28.37
18.95,72.995,27.91
18.95,73.0,21.79
18.955,72.77,0.0
18.955,72.775,0.0
18.955,72.78,0.0
18.955,72.785,7.95
18.955,72.79,13.22
18.955,72.795,22.36
18.955,72.8,23.14
18.955,72.805,20.26
18.955,72.81,17.07
18.955,72.815,12.26
18.955,72.82,7.98
18.955,72.825,10.48
18.955,72.83,7.08
18.955,72.835,7.76
18.955,72.84,7.97
18.955,72.845,6.11
18.955,72.85,7.54
18.955,72.855,3.04
18.955,72.86,3.86
18.955,72.865,6.54
18.955,72.87,14.24
18.955,72.875,22.29
18.955,72.88,34.44
18.955,72.885,38.66
18.955,72.89,44.08
18.955,72.895,43.39
18.955,72.9,35.95
18.955,72.905,23.83
18.955,72.91,16.14
18.955,72.915,5.7
18.955,72.92,0.0
18.955,72.925,0.56
18.955,72.93,11.79
18.955,72.935,22.15
18.955,72.94,31.66
18.955,72.945,42.27
18.955,72.95,45.95
18.955,72.955,49.63
18.955,72.96,51.49
18.955,72.965,46.22
18.955,72.97,41.03
18.955,72.975,36.7
18.955,72.98,37.03
18.955,72.985,35.97
18.955,72.99,34.87
18.955,72.995,33.52
18.955,73.0,31.89
18.96,72.77,0.0
18.96,72.775,0.0
18.96,72.78,0.0
18.96,72.785,6.21
18.96,72.79,18.37
18.96,72.795,17.45
18.96,72.8,18.91
18.96,72.805,14.41
18.96,72.81,16.14
18.96,72.815,7.77
18.96,72.82,1.68
18.96,72.825,8.4
18.96,72.83,7.33
18.96,72.835,9.91
18.96,72.84,10.13
18.96,72.845,11.35
18.96,72.85,9.42
18.96,72.855,5.55
18.96,72.86,4.82
18.96,72.865,7.59
18.96,72.87,7.39
18.96,72.875,16.52
18.96,72.88,31.15
18.96,72.885,35.81
18.96,72.89,38.29
18.96,72.895,35.63
18.96,72.9,34.03
18.96,72.905,27.97
18.96,72.91,22.18
18.96,72.915,13.3
18.96,72.92,4.27
18.96,72.925,6.56
18.96,72.93,10.78
18.96,72.935,21.23
18.96,72.94,32.32
18.96,72.945,40.08
18.96,72.95,49.56
18.96,72.955,43.52
18.96,72.96,43.54
18.96,72.965,35.32
18.96,72.97,36.11
18.96,72.975,30.38
18.96,72.98,35.07
18.96,72.985,33.89
18.96,72.99,33.98
18.96,72.995,34.29
18.96,73.0,36.74
18.965,72.77,0.0
18.965,72.775,0.0
18.965,72.78,0.79
18.965,72.785,8.21
18.965,72.79,7.25
18.965,72.795,4.9
18.965,72.8,10.76
18.965,72.805,11.1
18.965,72.81,9.31
18.965,72.815,3.09
18.965,72.82,4.87
18.965,72.825,8.97
18.965,72.83,8.61
18.965,72.835,12.39
18.965,72.84,12.28
18.965,72.845,11.88
18.965,72.85,11.55
18.965,72.855,14.05
18.965,72.86,11.36
18.965,72.865,14.28
18.965,72.87,14.84
18.965,72.875,20.59
18.965,72.88,23.4
18.965,72.885,27.42
18.965,72.89,28.46
18.965,72.895,35.44
18.965,72.9,28.18
18.965,72.905,20.94
18.965,72.91,21.83
18.965,72.915,16.51
18.965,72.92,19.51
18.965,72.925,20.25
18.965,72.93,21.88
18.965,72.935,25.24
18.965,72.94,32.19
18.965,72.945,34.46
18.965,72.95,39.37
18.965,72.955,39.04
18.965,72.96,42.48
18.965,72.965,33.85
18.965,72.97,32.68
18.965,72.975,32.68
18.965,72.98,33.84
18.965,72.985,38.22
18.965,72.99,38.04
18.965,72.995,44.47
18.965,73.0,42.55
18.97,72.77,4.65
18.97,72.775,3.2
18.97,72.78,5.14
18.97,72.785,1.44
18.97,72.79,0.28
18.97,72.795,0.0
18.97,72.8,0.73
18.97,72.805,1.21
18.97,72.81,7.3
18.97,72.815,8.17
18.97,72.82,8.3
18.97,72.825,9.83
18.97,72.83,11.67
18.97,72.835,12.62
18.97,72.84,11.93
18.97,72.845,11.39
18.97,72.85,15.0
18.97,72.855,17.55
18.97,72.86,17.08
18.97,72.865,20.25
18.97,72.87,17.51
18.97,72.875,20.57
18.97,72.88,14.5
18.97,72.885,15.19
18.97,72.89,14.59
18.97,72.895,17.57
18.97,72.9,21.54
18.97,72.905,24.18
18.97,72.91,22.67
18.97,72.915,30.99
18.97,72.92,30.16
18.97,72.925,32.38
18.97,72.93,33.88
18.97,72.935,28.85
18.97,72.94,31.68
18.97,72.945,27.24
18.97,72.95,31.67
18.97,72.955,27.86
18.97,72.96,32.45
18.97,72.965,33.39
18.97,72.97,31.95
18.97,72.975,32.61
18.97,72.98,37.15
18.97,72.985,37.13
18.97,72.99,42.63
18.97,72.995,40.15
18.97,73.0,41.34
18.975,72.77,14.27
18.975,72.775,12.61
18.975,72.78,2.09
18.975,72.785,0.0
18.975,72.79,0.0
18.975,72.795,0.0
18.975,72.8,0.0
18.975,72.805,0.0
18.975,72.81,0.0
18.975,72.815,10.23
18.975,72.82,8.78
18.975,72.825,13.43
18.975,72.83,13.88
18.975,72.835,14.2
18.975,72.84,15.25
18.975,72.845,14.82
18.975,72.85,23.28
18.975,72.855,24.93
18.975,72.86,25.82
18.975,72.865,21.75
18.975,72.87,19.29
18.975,72.875,17.25
18.975,72.88,5.89
18.975,72.885,5.74
18.975,72.89,0.58
18.975,72.895,3.83
18.975,72.9,9.19
18.975,72.905,21.87
18.975,72.91,33.78
18.975,72.915,40.82
18.975,72.92,46.03
18.975,72.925,45.87
18.975,72.93,43.02
18.975,72.935,35.84
18.975,72.94,21.99
18.975,72.945,23.16
18.975,72.95,19.85
18.975,72.955,17.95
18.975,72.96,18.16
18.975,72.965,27.73
18.975,72.97,33.19
18.975,72.975,35.83
18.975,72.98,39.55
18.975,72.985,42.33
18.975,72.99,45.33
18.975,72.995,41.54
18.975,73.0,43.67
18.98,72.77,21.94
18.98,72.775,15.52
18.98,72.78,6.34
18.98,72.785,0.0
18.98,72.79,0.0
18.98,72.795,0.0
18.98,72.8,0.0
18.98,72.805,0.0
18.98,72.81,0.41
18.98,72.815,7.46
18.98,72.82,9.62
18.98,72.825,3.8
18.98,72.83,13.05
18.98,72.835,16.59
18.98,72.84,16.02
18.98,72.845,21.03
18.98,72.85,27.88
18.98,72.855,29.85
18.98,72.86,29.65
18.98,72.865,25.95
18.98,72.87,19.88
18.98,72.875,14.77
18.98,72.88,5.17
18.98,72.885,0.0
18.98,72.89,0.0
18.98,72.895,0.0
18.98,72.9,10.25
18.98,72.905,18.86
18.98,72.91,34.86
18.98,72.915,46.29
18.98,72.92,52.88
18.98,72.925,53.56
18.98,72.93,48.53
18.98,72.935,36.97
18.98,72.94,25.01
18.98,72.945,17.48
18.98,72.95,15.58
18.98,72.955,11.09
18.98,72.96,14.78
18.98,72.965,20.67
18.98,72.97,25.65
18.98,72.975,32.71
18.98,72.98,40.94
18.98,72.985,39.78
18.98,72.99,39.15
18.98,72.995,43.22
18.98,73.0,47.71
18.985,72.77,20.04
18.985,72.775,19.97
18.985,72.78,6.6
18.985,72.785,0.0
18.985,72.79,0.0
18.985,72.795,0.0
18.985,72.8,0.0
18.985,72.805,0.0
18.985,72.81,0.0
18.985,72.815,0.0
18.985,72.82,5.94
18.985,72.825,11.22
18.985,72.83,14.5
18.985,72.835,20.24
18.985,72.84,22.36
18.985,72.845,25.16
18.985,72.85,30.46
18.985,72.855,30.04
18.985,72.86,28.74
18.985,72.865,24.06
18.985,72.87,14.5
18.985,72.875,10.77
18.985,72.88,1.34
18.985,72.885,0.0
18.985,72.89,0.0
18.985,72.895,2.43
18.985,72.9,11.3
18.985,72.905,23.88
18.985,72.91,31.18
18.985,72.915,41.55
18.985,72.92,52.29
18.985,72.925,52.79
18.985,72.93,46.65
18.985,72.935,41.32
18.985,72.94,28.48
18.985,72.945,29.06
18.985,72.95,18.81
18.985,72.955,14.58
18.985,72.96,14.28
18.985,72.965,16.66
18.985,72.97,20.88
18.985,72.975,29.54
18.985,72.98,34.09
18.985,72.985,39.56
18.985,72.99,42.93
18.985,72.995,50.22
18.985,73.0,52.3
18.99,72.77,19.45
18.99,72.775,17.35
18.99,72.78,12.51
18.99,72.785,11.31
18.99,72.79,0.92
18.99,72.795,0.0
18.99,72.8,0.0
18.99,72.805,0.0
18.99,72.81,0.0
18.99,72.815,0.0
18.99,72.82,0.0
18.99,72.825,8.99
18.99,72.83,14.48
18.99,72.835,26.5
18.99,72.84,30.93
18.99,72.845,35.54
18.99,72.85,34.81
18.99,72.855,28.76
18.99,72.86,26.53
18.99,72.865,14.07
18.99,72.87,14.32
18.99,72.875,2.39
18.99,72.88,0.99
18.99,72.885,0.0
18.99,72.89,2.9
18.99,72.895,14.86
18.99,72.9,15.31
18.99,72.905,26.05
18.99,72.91,31.81
18.99,72.915,40.88
18.99,72.92,42.58
18.99,72.925,46.2
18.99,72.93,46.14
18.99,72.935,40.01
18.99,72.94,41.49
18.99,72.945,30.75
18.99,72.95,22.38
18.99,72.955,16.08
18.99,72.96,14.54
18.99,72.965,11.76
18.99,72.97,20.79
18.99,72.975,24.03
18.99,72.98,31.04
18.99,72.985,42.29
18.99,72.99,47.31
18.99,72.995,53.28
18.99,73.0,59.45
18.995,72.77,10.62
18.995,72.775,13.46
18.995,72.78,9.93
18.995,72.785,10.16
18.995,72.79,0.56
18.995,72.795,0.0
18.995,72.8,0.0
18.995,72.805,0.0
18.995,72.81,0.0
18.995,72.815,0.0
18.995,72.82,0.0
18.995,72.825,6.98
18.995,72.83,19.35
18.995,72.835,26.98
18.995,72.84,33.18
18.995,72.845,33.08
18.995,72.85,33.51
18.995,72.855,30.89
18.995,72.86,20.84
18.995,72.865,10.49
18.995,72.87,4.93
18.995,72.875,0.57
18.995,72.88,2.41
18.995,72.885,7.35
18.995,72.89,12.74
18.995,72.895,19.96
18.995,72.9,24.57
18.995,72.905,27.27
18.995,72.91,26.96
18.995,72.915,29.44
18.995,72.92,32.12
18.995,72.925,37.07
18.995,72.93,34.95
18.995,72.935,40.23
18.995,72.94,42.27
18.995,72.945,37.47
18.995,72.95,29.85
18.995,72.955,22.38
18.995,72.96,19.16
18.995,72.965,14.39
18.995,72.97,13.5
18.995,72.975,17.63
18.995,72.98,27.8
18.995,72.985,38.22
18.995,72.99,51.54
18.995,72.995,61.1
18.995,73.0,60.23
19.0,72.77,0.25
19.0,72.775,9.78
19.0,72.78,11.2
19.0,72.785,10.2
19.0,72.79,12.86
19.0,72.795,6.91
19.0,72.8,4.14
19.0,72.805,0.0
19.0,72.81,0.0
19.0,72.815,0.0
19.0,72.82,0.0
19.0,72.825,5.98
19.0,72.83,17.98
19.0,72.835,26.76
19.0,72.84,30.76
19.0,72.845,30.21
19.0,72.85,28.07
19.0,72.855,18.93
19.0,72.86,12.53
19.0,72.865,8.39
19.0,72.87,3.8
19.0,72.875,3.81
19.0,72.88,6.56
19.0,72.885,10.55
19.0,72.89,20.52
19.0,72.895,25.45
19.0,72.9,24.87
19.0,72.905,25.76
19.0,72.91,28.79
19.0,72.915,27.24
19.0,72.92,22.7
19.0,72.925,28.23
19.0,72.93,35.47
19.0,72.935,36.36
19.0,72.94,38.93
19.0,72.945,41.46
19.0,72.95,37.78
19.0,72.955,31.73
19.0,72.96,22.68
19.0,72.965,19.45
19.0,72.97,19.63
19.0,72.975,19.71
19.0,72.98,26.53
19.0,72.985,40.06
19.0,72.99,52.16
19.0,72.995,60.36
19.0,73.0,59.08
19.005,72.77,0.0
19.005,72.775,0.0
19.005,72.78,6.17
19.005,72.785,6.97
19.005,72.79,9.04
19.005,72.795,10.04
19.005,72.8,6.15
19.005,72.805,0.0
19.005,72.81,2.07
19.005,72.815,0.0
19.005,72.82,0.0
19.005,72.825,3.5
19.005,72.83,10.79
19.005,72.835,16.02
19.005,72.84,19.83
19.005,72.845,17.57
19.005,72.85,20.88
19.005,72.855,17.33
19.005,72.86,17.24
19.005,72.865,10.83
19.005,72.87,8.31
19.005,72.875,8.99
19.005,72.88,15.34
19.005,72.885,21.36
19.005,72.89,23.73
19.005,72.895,27.32
19.005,72.9,31.2
19.005,72.905,24.99
19.005,72.91,19.56
19.005,72.915,23.22
19.005,72.92,21.91
19.005,72.925,19.83
19.005,72.93,27.86
19.005,72.935,29.5
19.005,72.94,36.22
19.005,72.945,41.12
19.005,72.95,36.48
19.005,72.955,36.36
19.005,72.96,28.0
19.005,72.965,24.11
19.005,72.97,29.74
19.005,72.975,27.61
19.005,72.98,32.29
19.005,72.985,39.13
19.005,72.99,41.86
19.005,72.995,49.29
19.005,73.0,51.14
19.01,72.77,0.0
19.01,72.775,0.0
19.01,72.78,1.87
19.01,72.785,0.0
19.01,72.79,5.9
19.01,72.795,7.67
19.01,72.8,12.91
19.01,72.805,8.38
19.01,72.81,18.76
19.01,72.815,10.93
19.01,72.82,12.06
19.01,72.825,12.48
19.01,72.83,8.47
19.01,72.835,8.02
19.01,72.84,7.03
19.01,72.845,6.58
19.01,72.85,9.84
19.01,72.855,10.62
19.01,72.86,12.08
19.01,72.865,14.88
19.01,72.87,19.84
19.01,72.875,19.93
19.01,72.88,23.43
19.01,72.885,27.39
19.01,72.89,26.82
19.01,72.895,23.99
19.01,72.9,24.99
19.01,72.905,24.37
19.01,72.91,23.9
19.01,72.915,19.26
19.01,72.92,19.29
19.01,72.925,19.69
19.01,72.93,21.49
19.01,72.935,26.15
19.01,72.94,29.59
19.01,72.945,33.67
19.01,72.95,34.25
19.01,72.955,33.87
19.01,72.96,39.49
19.01,72.965,39.13
19.01,72.97,38.9
19.01,72.975,35.66
19.01,72.98,37.0
19.01,72.985,34.12
19.01,72.99,36.74
19.01,72.995,34.52
19.01,73.0,34.43
19.015,72.77,0.0
19.015,72.775,0.0
19.015,72.78,0.0
19.015,72.785,0.0
19.015,72.79,0.0
19.015,72.795,3.53
19.015,72.8,12.86
19.015,72.805,19.3
19.015,72.81,24.23
19.015,72.815,22.99
19.015,72.82,18.6
19.015,72.825,10.52
19.015,72.83,5.92
19.015,72.835,0.0
19.015,72.84,0.0
19.015,72.845,0.0
19.015,72.85,0.0
19.015,72.855,5.02
19.015,72.86,14.38
19.015,72.865,20.26
19.015,72.87,25.76
19.015,72.875,31.34
19.015,72.88,32.75
19.015,72.885,25.85
19.015,72.89,25.85
19.015,72.895,27.73
19.015,72.9,23.04
19.015,72.905,24.24
19.015,72.91,19.7
19.015,72.915,20.04
19.015,72.92,22.61
19.015,72.925,21.3
19.015,72.93,19.27
19.015,72.935,17.14
19.015,72.94,23.8
19.015,72.945,30.42
19.015,72.95,28.15
19.015,72.955,41.12
19.015,72.96,44.1
19.015,72.965,49.18
19.015,72.97,52.0
19.015,72.975,46.89
19.015,72.98,43.73
19.015,72.985,33.14
19.015,72.99,29.87
19.015,72.995,27.97
19.015,73.0,20.33
19.02,72.77,0.0
19.02,72.775,0.0
19.02,72.78,0.0
19.02,72.785,0.0
19.02,72.79,0.0
19.02,72.795,6.06
19.02,72.8,18.06
19.02,72.805,19.32
19.02,72.81,32.62
19.02,72.815,28.79
19.02,72.82,24.94
19.02,72.825,17.11
19.02,72.83,0.74
19.02,72.835,0.0
19.02,72.84,0.0
19.02,72.845,0.0
19.02,72.85,0.0
19.02,72.855,0.0
19.02,72.86,13.76
19.02,72.865,26.4
19.02,72.87,34.85
19.02,72.875,35.12
19.02,72.88,33.68
19.02,72.885,32.73
19.02,72.89,29.51
19.02,72.895,24.95
19.02,72.9,24.24
19.02,72.905,19.16
19.02,72.91,16.16
19.02,72.915,22.35
19.02,72.92,19.81
19.02,72.925,18.6
19.02,72.93,17.96
19.02,72.935,18.31
19.02,72.94,17.43
19.02,72.945,24.72
19.02,72.95,31.49
19.02,72.955,39.0
19.02,72.96,49.54
19.02,72.965,58.23
19.02,72.97,57.85
19.02,72.975,57.66
19.02,72.98,47.79
19.02,72.985,36.83
19.02,72.99,27.5
19.02,72.995,16.89
19.02,73.0,13.17
19.025,72.77,0.0
19.025,72.775,0.0
19.025,72.78,0.0
19.025,72.785,0.0
19.025,72.79,0.0
19.025,72.795,8.54
19.025,72.8,22.4
19.025,72.805,26.83
19.025,72.81,32.67
19.025,72.815,30.15
19.025,72.82,21.81
19.025,72.825,15.41
19.025,72.83,5.51
19.025,72.835,0.0
19.025,72.84,0.0
19.025,72.845,0.0
19.025,72.85,0.0
19.025,72.855,0.0
19.025,72.86,11.74
19.025,72.865,24.61
19.025,72.87,35.04
19.025,72.875,41.36
19.025,72.88,40.13
19.025,72.885,38.32
19.025,72.89,29.56
19.025,72.895,30.63
19.025,72.9,25.84
19.025,72.905,19.62
19.025,72.91,19.73
19.025,72.915,18.03
19.025,72.92,18.41
19.025,72.925,13.88
19.025,72.93,12.07
19.025,72.935,13.53
19.025,72.94,19.73
19.025,72.945,20.43
19.025,72.95,27.11
19.025,72.955,44.9
19.025,72.96,52.81
19.025,72.965,58.39
19.025,72.97,57.08
19.025,72.975,52.22
19.025,72.98,45.64
19.025,72.985,36.21
19.025,72.99,22.99
19.025,72.995,17.58
19.025,73.0,10.54
19.03,72.77,0.0
19.03,72.775,0.0
19.03,72.78,0.0
19.03,72.785,0.0
19.03,72.79,5.01
19.03,72.795,12.72
19.03,72.8,21.9
19.03,72.805,26.58
19.03,72.81,27.31
19.03,72.815,23.42
19.03,72.82,19.0
19.03,72.825,15.31
19.03,72.83,1.4
19.03,72.835,1.17
19.03,72.84,0.0
19.03,72.845,0.0
19.03,72.85,0.0
19.03,72.855,0.0
19.03,72.86,11.65
19.03,72.865,21.66
19.03,72.87,28.58
19.03,72.875,28.86
19.03,72.88,38.63
19.03,72.885,41.54
19.03,72.89,39.76
19.03,72.895,30.13
19.03,72.9,29.87
19.03,72.905,25.81
19.03,72.91,16.98
19.03,72.915,9.77
19.03,72.92,11.76
19.03,72.925,11.77
19.03,72.93,11.33
19.03,72.935,13.56
19.03,72.94,24.32
19.03,72.945,28.63
19.03,72.95,39.21
19.03,72.955,49.02
19.03,72.96,48.12
19.03,72.965,55.89
19.03,72.97,52.88
19.03,72.975,48.86
19.03,72.98,43.66
19.03,72.985,33.26
19.03,72.99,24.99
19.03,72.995,18.2
19.03,73.0,21.76
19.035,72.77,0.0
19.035,72.775,0.0
19.035,72.78,0.0
19.035,72.785,2.46
19.035,72.79,13.85
19.035,72.795,18.54
19.035,72.8,19.81
19.035,72.805,20.58
19.035,72.81,15.81
19.035,72.815,16.66
19.035,72.82,13.85
19.035,72.825,9.97
19.035,72.83,5.53
19.035,72.835,4.76
19.035,72.84,6.55
19.035,72.845,5.16
19.035,72.85,6.5
19.035,72.855,2.09
19.035,72.86,4.78
19.035,72.865,11.64
19.035,72.87,18.76
19.035,72.875,25.12
19.035,72.88,31.64
19.035,72.885,40.03
19.035,72.89,39.21
19.035,72.895,35.09
19.035,72.9,29.97
19.035,72.905,25.02
19.035,72.91,22.43
19.035,72.915,7.91
19.035,72.92,5.86
19.035,72.925,12.01
19.035,72.93,10.91
19.035,72.935,20.42
19.035,72.94,32.19
19.035,72.945,34.97
19.035,72.95,42.71
19.035,72.955,45.99
19.035,72.96,44.68
19.035,72.965,49.3
19.035,72.97,42.07
19.035,72.975,38.16
19.035,72.98,35.98
19.035,72.985,36.28
19.035,72.99,32.81
19.035,72.995,29.61
19.035,73.0,31.01
19.04,72.77,0.0
19.04,72.775,0.0
19.04,72.78,0.33
19.04,72.785,11.45
19.04,72.79,15.05
19.04,72.795,20.89
19.04,72.8,14.84
19.04,72.805,11.1
19.04,72.81,6.59
19.04,72.815,4.83
19.04,72.82,4.45
19.04,72.825,3.22
19.04,72.83,8.93
19.04,72.835,12.79
19.04,72.84,10.38
19.04,72.845,11.95
19.04,72.85,12.1
19.04,72.855,6.14
19.04,72.86,6.02
19.04,72.865,9.59
19.04,72.87,14.9
19.04,72.875,18.85
19.04,72.88,25.61
19.04,72.885,32.15
19.04,72.89,39.33
19.04,72.895,39.92
19.04,72.9,31.13
19.04,72.905,27.9
19.04,72.91,16.53
19.04,72.915,9.27
19.04,72.92,7.61
19.04,72.925,11.53
19.04,72.93,16.14
19.04,72.935,24.8
19.04,72.94,34.08
19.04,72.945,41.59
19.04,72.95,44.3
19.04,72.955,45.86
19.04,72.96,40.37
19.04,72.965,38.74
19.04,72.97,35.39
19.04,72.975,33.22
19.04,72.98,33.86
19.04,72.985,35.7
19.04,72.99,40.2
19.04,72.995,35.61
19.04,73.0,42.4
19.045,72.77,0.0
19.045,72.775,0.0
19.045,72.78,3.01
19.045,72.785,12.48
19.045,72.79,10.9
19.045,72.795,11.09
19.045,72.8,9.79
19.045,72.805,3.64
19.045,72.81,3.34
19.045,72.815,0.0
19.045,72.82,2.23
19.045,72.825,6.13
19.045,72.83,14.36
19.045,72.835,18.55
19.045,72.84,18.44
19.045,72.845,17.45
19.045,72.85,19.43
19.045,72.855,12.62
19.045,72.86,9.52
19.045,72.865,6.14
19.045,72.87,10.56
19.045,72.875,11.81
19.045,72.88,18.93
19.045,72.885,25.16
19.045,72.89,30.23
19.045,72.895,32.96
19.045,72.9,29.66
19.045,72.905,24.63
19.045,72.91,17.44
19.045,72.915,17.41
19.045,72.92,15.52
19.045,72.925,16.37
19.045,72.93,22.8
19.045,72.935,30.82
19.045,72.94,37.44
19.045,72.945,36.19
19.045,72.95,39.54
19.045,72.955,40.18
19.045,72.96,37.53
19.045,72.965,28.61
19.045,72.97,30.46
19.045,72.975,25.17
19.045,72.98,33.23
19.045,72.985,35.45
19.045,72.99,44.66
19.045,72.995,44.84
19.045,73.0,46.83
19.05,72.77,3.55
19.05,72.775,2.32
19.05,72.78,2.87
19.05,72.785,7.42
19.05,72.79,7.23
19.05,72.795,4.39
19.05,72.8,0.0
19.05,72.805,0.0
19.05,72.81,0.0
19.05,72.815,0.27
19.05,72.82,4.95
19.05,72.825,8.18
19.05,72.83,15.78
19.05,72.835,17.48
19.05,72.84,20.84
19.05,72.845,22.82
19.05,72.85,19.28
19.05,72.855,18.78
19.05,72.86,15.81
19.05,72.865,12.96
19.05,72.87,12.22
19.05,72.875,8.43
19.05,72.88,10.34
19.05,72.885,17.27
19.05,72.89,13.88
19.05,72.895,21.92
19.05,72.9,22.25
19.05,72.905,25.04
19.05,72.91,29.17
19.05,72.915,27.05
19.05,72.92,30.0
19.05,72.925,30.53
19.05,72.93,31.88
19.05,72.935,32.93
19.05,72.94,35.26
19.05,72.945,31.72
19.05,72.95,29.18
19.05,72.955,29.22
19.05,72.96,27.21
19.05,72.965,21.91
19.05,72.97,25.98
19.05,72.975,25.98
19.05,72.98,33.9
19.05,72.985,34.3
19.05,72.99,47.02
19.05,72.995,46.69
19.05,73.0,47.95
19.055,72.77,15.18
19.055,72.775,13.51
19.055,72.78,8.86
19.055,72.785,0.66
19.055,72.79,0.0
19.055,72.795,0.0
19.055,72.8,0.0
19.055,72.805,0.0
19.055,72.81,0.0
19.055,72.815,1.76
19.055,72.82,7.89
19.055,72.825,14.09
19.055,72.83,16.49
19.055,72.835,19.32
19.055,72.84,18.74
19.055,72.845,24.58
19.055,72.85,25.07
19.055,72.855,25.77
19.055,72.86,25.79
19.055,72.865,21.18
19.055,72.87,16.13
19.055,72.875,9.52
19.055,72.88,6.91
19.055,72.885,5.48
19.055,72.89,5.84
19.055,72.895,9.11
19.055,72.9,16.69
19.055,72.905,24.47
19.055,72.91,30.94
19.055,72.915,36.41
19.055,72.92,43.29
19.055,72.925,48.1
19.055,72.93,42.06
19.055,72.935,36.17
19.055,72.94,32.01
19.055,72.945,26.6
19.055,72.95,22.57
19.055,72.955,22.4
19.055,72.96,21.07
19.055,72.965,25.6
19.055,72.97,27.36
19.055,72.975,34.42
19.055,72.98,38.25
19.055,72.985,41.73
19.055,72.99,45.03
19.055,72.995,51.13
19.055,73.0,51.25
19.06,72.77,22.44
19.06,72.775,17.77
19.06,72.78,6.96
19.06,72.785,1.6
19.06,72.79,0.0
19.06,72.795,0.0
19.06,72.8,0.0
19.06,72.805,0.0
19.06,72.81,0.0
19.06,72.815,0.0
19.06,72.82,7.56
19.06,72.825,15.31
19.06,72.83,12.99
19.06,72.835,17.13
19.06,72.84,21.94
19.06,72.845,24.19
19.06,72.85,30.02
19.06,72.855,27.85
19.06,72.86,27.2
19.06,72.865,23.22
19.06,72.87,18.98
19.06,72.875,9.74
19.06,72.88,0.37
19.06,72.885,2.01
19.06,72.89,0.0
19.06,72.895,5.28
19.06,72.9,7.26
19.06,72.905,20.47
19.06,72.91,33.02
19.06,72.915,44.42
19.06,72.92,53.99
19.06,72.925,54.03
19.06,72.93,49.7
19.06,72.935,41.75
19.06,72.94,31.03
19.06,72.945,17.85
19.06,72.95,13.25
19.06,72.955,13.28
19.06,72.96,23.23
19.06,72.965,22.76
19.06,72.97,27.87
19.06,72.975,34.93
19.06,72.98,36.94
19.06,72.985,41.81
19.06,72.99,45.49
19.06,72.995,45.76
19.06,73.0,47.03
19.065,72.77,26.08
19.065,72.775,18.25
19.065,72.78,5.63
19.065,72.785,0.0
19.065,72.79,0.0
19.065,72.795,0.0
19.065,72.8,0.0
19.065,72.805,0.0
19.065,72.81,0.0
19.065,72.815,0.0
19.065,72.82,10.92
19.065,72.825,10.03
19.065,72.83,17.03
19.065,72.835,18.72
19.065,72.84,22.24
19.065,72.845,21.77
19.065,72.85,23.57
19.065,72.855,27.64
19.065,72.86,29.91
19.065,72.865,29.67
19.065,72.87,17.28
19.065,72.875,10.63
19.065,72.88,0.75
19.065,72.885,0.0
19.065,72.89,0.0
19.065,72.895,1.43
19.065,72.9,8.04
19.065,72.905,23.12
19.065,72.91,35.01
19.065,72.915,47.76
19.065,72.92,56.63
19.065,72.925,55.36
19.065,72.93,50.14
19.065,72.935,38.67
19.065,72.94,28.1
19.065,72.945,17.35
19.065,72.95,11.61
19.065,72.955,13.87
19.065,72.96,17.55
19.065,72.965,17.01
19.065,72.97,27.09
19.065,72.975,32.12
19.065,72.98,40.69
19.065,72.985,41.88
19.065,72.99,44.42
19.065,72.995,45.6
19.065,73.0,47.02
19.07,72.77,23.15
19.07,72.775,17.66
19.07,72.78,10.32
19.07,72.785,0.09
19.07,72.79,0.0
19.07,72.795,0.0
19.07,72.8,0.0
19.07,72.805,0.0
19.07,72.81,0.0
19.07,72.815,0.0
19.07,72.82,4.55
19.07,72.825,11.95
19.07,72.83,15.15
19.07,72.835,19.18
19.07,72.84,23.78
19.07,72.845,31.94
19.07,72.85,31.18
19.07,72.855,29.9
19.07,72.86,26.59
19.07,72.865,21.32
19.07,72.87,13.33
19.07,72.875,6.29
19.07,72.88,1.48
19.07,72.885,0.0
19.07,72.89,0.0
19.07,72.895,3.83
19.07,72.9,12.13
19.07,72.905,21.44
19.07,72.91,34.57
19.07,72.915,42.38
19.07,72.92,48.9
19.07,72.925,48.26
19.07,72.93,48.03
19.07,72.935,39.1
19.07,72.94,35.25
19.07,72.945,23.67
19.07,72.95,17.89
19.07,72.955,16.16
19.07,72.96,16.7
19.07,72.965,19.85
19.07,72.97,26.49
19.07,72.975,30.21
19.07,72.98,34.9
19.07,72.985,39.75
19.07,72.99,45.66
19.07,72.995,53.21
19.07,73.0,50.82
19.075,72.77,10.69
19.075,72.775,11.69
19.075,72.78,8.58
19.075,72.785,6.01
19.075,72.79,5.94
19.075,72.795,0.0
19.075,72.8,0.0
19.075,72.805,0.0
19.075,72.81,0.0
19.075,72.815,0.0
19.075,72.82,3.01
19.075,72.825,7.61
19.075,72.83,14.65
19.075,72.835,23.53
19.075,72.84,22.53
19.075,72.845,30.43
19.075,72.85,27.0
19.075,72.855,27.11
19.075,72.86,15.87
19.075,72.865,13.27
19.075,72.87,9.48
19.075,72.875,4.79
19.075,72.88,4.54
19.075,72.885,8.35
19.075,72.89,9.65
19.075,72.895,12.35
19.075,72.9,21.29
19.075,72.905,25.24
19.075,72.91,30.3
19.075,72.915,32.2
19.075,72.92,32.16
19.075,72.925,37.44
19.075,72.93,37.71
19.075,72.935,37.32
19.075,72.94,34.04
19.075,72.945,31.83
19.075,72.95,28.58
19.075,72.955,24.44
19.075,72.96,20.71
19.075,72.965,16.21
19.075,72.97,19.89
19.075,72.975,27.49
19.075,72.98,28.04
19.075,72.985,41.93
19.075,72.99,45.03
19.075,72.995,53.79
19.075,73.0,57.56
19.08,72.77,2.15
19.08,72.775,10.17
19.08,72.78,8.6
19.08,72.785,7.6
19.08,72.79,10.6
19.08,72.795,5.92
19.08,72.8,2.14
19.08,72.805,0.0
19.08,72.81,0.0
19.08,72.815,0.0
19.08,72.82,0.0
19.08,72.825,8.56
19.08,72.83,13.2
19.08,72.835,20.78
19.08,72.84,29.36
19.08,72.845,27.18
19.08,72.85,27.21
19.08,72.855,20.55
19.08,72.86,14.15
19.08,72.865,13.78
19.08,72.87,8.63
19.08,72.875,8.82
19.08,72.88,11.38
19.08,72.885,14.14
19.08,72.89,21.27
19.08,72.895,25.77
19.08,72.9,26.78
19.08,72.905,26.49
19.08,72.91,24.48
19.08,72.915,25.12
19.08,72.92,24.19
19.08,72.925,29.06
19.08,72.93,27.33
19.08,72.935,37.93
19.08,72.94,35.17
19.08,72.945,35.83
19.08,72.95,36.18
19.08,72.955,31.7
19.08,72.96,29.38
19.08,72.965,21.67
19.08,72.97,19.8
19.08,72.975,22.94
19.08,72.98,32.06
19.08,72.985,42.34
19.08,72.99,45.92
19.08,72.995,54.18
19.08,73.0,56.12
19.085,72.77,0.0
19.085,72.775,2.92
19.085,72.78,3.87
19.085,72.785,6.25
19.085,72.79,13.86
19.085,72.795,14.51
19.085,72.8,8.69
19.085,72.805,4.29
19.085,72.81,0.75
19.085,72.815,0.0
19.085,72.82,1.01
19.085,72.825,6.07
19.085,72.83,7.77
19.085,72.835,18.18
19.085,72.84,18.79
19.085,72.845,22.48
19.085,72.85,18.92
19.085,72.855,17.28
19.085,72.86,10.9
19.085,72.865,8.4
19.085,72.87,7.29
19.085,72.875,13.37
19.085,72.88,14.07
19.085,72.885,22.07
19.085,72.89,31.63
19.085,72.895,30.48
19.085,72.9,25.95
19.085,72.905,29.36
19.085,72.91,23.78
19.085,72.915,19.19
19.085,72.92,16.75
19.085,72.925,22.05
19.085,72.93,26.34
19.085,72.935,33.46
19.085,72.94,37.75
19.085,72.945,40.24
19.085,72.95,39.49
19.085,72.955,34.88
19.085,72.96,33.67
19.085,72.965,29.17
19.085,72.97,24.65
19.085,72.975,27.17
19.085,72.98,29.23
19.085,72.985,37.88
19.085,72.99,41.08
19.085,72.995,45.86
19.085,73.0,49.57
19.09,72.77,0.0
19.09,72.775,0.0
19.09,72.78,2.27
19.09,72.785,3.24
19.09,72.79,10.81
19.09,72.795,10.9
19.09,72.8,8.53
19.09,72.805,12.78
19.09,72.81,9.34
19.09,72.815,4.98
19.09,72.82,5.94
19.09,72.825,8.34
19.09,72.83,8.05
19.09,72.835,9.85
19.09,72.84,10.34
19.09,72.845,9.92
19.09,72.85,9.09
19.09,72.855,8.14
19.09,72.86,7.82
19.09,72.865,8.84
19.09,72.87,13.6
19.09,72.875,18.16
19.09,72.88,22.96
19.09,72.885,31.55
19.09,72.89,35.34
19.09,72.895,32.86
19.09,72.9,30.1
19.09,72.905,23.63
19.09,72.91,21.61
19.09,72.915,18.51
19.09,72.92,12.76
19.09,72.925,13.28
19.09,72.93,19.21
19.09,72.935,24.95
19.09,72.94,30.32
19.09,72.945,37.84
19.09,72.95,42.22
19.09,72.955,39.75
19.09,72.96,45.3
19.09,72.965,34.93
19.09,72.97,34.08
19.09,72.975,34.93
19.09,72.98,38.93
19.09,72.985,34.37
19.09,72.99,34.87
19.09,72.995,39.29
19.09,73.0,38.04
19.095,72.77,0.0
19.095,72.775,0.0
19.095,72.78,0.0
19.095,72.785,4.32
19.095,72.79,0.01
19.095,72.795,15.7
19.095,72.8,19.02
19.095,72.805,18.96
19.095,72.81,25.16
19.095,72.815,17.19
19.095,72.82,18.33
19.095,72.825,7.12
19.095,72.83,3.6
19.095,72.835,0.0
19.095,72.84,0.0
19.095,72.845,0.0
19.095,72.85,0.0
19.095,72.855,0.29
19.095,72.86,11.38
19.095,72.865,17.35
19.095,72.87,24.54
19.095,72.875,29.32
19.095,72.88,34.29
19.095,72.885,33.5
19.095,72.89,34.9
19.095,72.895,28.84
19.095,72.9,25.32
19.095,72.905,25.41
19.095,72.91,21.46
19.095,72.915,16.81
19.095,72.92,12.13
19.095,72.925,11.91
19.095,72.93,18.33
19.095,72.935,21.86
19.095,72.94,24.34
19.095,72.945,35.27
19.095,72.95,37.81
19.095,72.955,40.32
19.095,72.96,46.11
19.095,72.965,48.64
19.095,72.97,48.33
19.095,72.975,47.85
19.095,72.98,38.89
19.095,72.985,32.77
19.095,72.99,31.54
19.095,72.995,25.58
19.095,73.0,29.87
19.1,72.77,0.0
19.1,72.775,0.0
19.1,72.78,0.0
19.1,72.785,0.0
19.1,72.79,1.85
19.1,72.795,9.28
19.1,72.8,19.67
19.1,72.805,22.26
19.1,72.81,33.15
19.1,72.815,22.86
19.1,72.82,23.16
19.1,72.825,11.45
19.1,72.83,2.76
19.1,72.835,0.0
19.1,72.84,0.0
19.1,72.845,0.0
19.1,72.85,0.0
19.1,72.855,5.16
19.1,72.86,11.46
19.1,72.865,25.02
19.1,72.87,34.65
19.1,72.875,32.71
19.1,72.88,36.57
19.1,72.885,32.77
19.1,72.89,29.74
19.1,72.895,30.39
19.1,72.9,23.7
19.1,72.905,22.14
19.1,72.91,18.69
19.1,72.915,15.02
19.1,72.92,17.56
19.1,72.925,17.57
19.1,72.93,15.17
19.1,72.935,16.46
19.1,72.94,16.26
19.1,72.945,26.1
19.1,72.95,35.67
19.1,72.955,43.17
19.1,72.96,47.35
19.1,72.965,59.96
19.1,72.97,56.11
19.1,72.975,55.05
19.1,72.98,48.11
19.1,72.985,37.78
19.1,72.99,21.52
19.1,72.995,17.6
19.1,73.0,14.42
19.105,72.77,0.0
19.105,72.775,0.0
19.105,72.78,0.0
19.105,72.785,0.0
19.105,72.79,0.0
19.105,72.795,8.9
19.105,72.8,22.36
19.105,72.805,25.93
19.105,72.81,35.52
19.105,72.815,31.96
19.105,72.82,25.13
19.105,72.825,17.91
19.105,72.83,1.27
19.105,72.835,0.0
19.105,72.84,0.0
19.105,72.845,0.0
19.105,72.85,0.0
19.105,72.855,0.11
19.105,72.86,9.03
19.105,72.865,23.85
19.105,72.87,30.88
19.105,72.875,40.63
19.105,72.88,42.0
19.105,72.885,37.48
19.105,72.89,32.64
19.105,72.895,24.61
19.105,72.9,23.01
19.105,72.905,19.78
19.105,72.91,19.21
19.105,72.915,20.12
19.105,72.92,19.53
19.105,72.925,14.87
19.105,72.93,11.44
19.105,72.935,13.8
19.105,72.94,16.23
19.105,72.945,23.08
19.105,72.95,33.14
19.105,72.955,38.35
19.105,72.96,51.03
19.105,72.965,57.56
19.105,72.97,63.98
19.105,72.975,57.04
19.105,72.98,47.11
19.105,72.985,36.78
19.105,72.99,22.11
19.105,72.995,14.08
19.105,73.0,14.17
19.11,72.77,0.0
19.11,72.775,0.0
19.11,72.78,0.0
19.11,72.785,0.0
19.11,72.79,0.0
19.11,72.795,11.97
19.11,72.8,23.68
19.11,72.805,25.18
19.11,72.81,28.17
19.11,72.815,28.38
19.11,72.82,23.55
19.11,72.825,12.06
19.11,72.83,3.0
19.11,72.835,0.0
19.11,72.84,0.0
19.11,72.845,0.0
19.11,72.85,0.0
19.11,72.855,0.0
19.11,72.86,10.76
19.11,72.865,23.01
19.11,72.87,28.69
19.11,72.875,33.4
19.11,72.88,34.78
19.11,72.885,36.38
19.11,72.89,30.95
19.11,72.895,29.83
19.11,72.9,21.88
19.11,72.905,15.85
19.11,72.91,18.43
19.11,72.915,20.42
19.11,72.92,15.86
19.11,72.925,12.0
19.11,72.93,11.23
19.11,72.935,18.13
19.11,72.94,17.62
19.11,72.945,28.37
19.11,72.95,34.76
19.11,72.955,40.99
19.11,72.96,53.04
19.11,72.965,54.24
19.11,72.97,54.3
19.11,72.975,51.78
19.11,72.98,47.25
19.11,72.985,37.85
19.11,72.99,24.74
19.11,72.995,14.38
19.11,73.0,12.07
19.115,72.77,0.0
19.115,72.775,0.0
19.115,72.78,0.0
19.115,72.785,4.34
19.115,72.79,8.33
19.115,72.795,10.28
19.115,72.8,15.7
19.115,72.805,18.78
19.115,72.81,21.07
19.115,72.815,21.81
19.115,72.82,14.35
19.115,72.825,13.9
19.115,72.83,10.35
19.115,72.835,1.44
19.115,72.84,0.0
19.115,72.845,0.0
19.115,72.85,0.99
19.115,72.855,3.98
19.115,72.86,11.89
19.115,72.865,13.3
19.115,72.87,21.58
19.115,72.875,28.68
19.115,72.88,33.56
19.115,72.885,38.0
19.115,72.89,30.69
19.115,72.895,29.71
19.115,72.9,22.8
19.115,72.905,20.73
19.115,72.91,15.12
19.115,72.915,14.21
19.115,72.92,12.93
19.115,72.925,14.42
19.115,72.93,15.06
19.115,72.935,20.68
19.115,72.94,25.47
19.115,72.945,29.39
19.115,72.95,34.18
19.115,72.955,43.88
19.115,72.96,49.52
19.115,72.965,52.74
19.115,72.97,48.78
19.115,72.975,47.1
19.115,72.98,41.0
19.115,72.985,35.98
19.115,72.99,31.2
19.115,72.995,27.55
19.115,73.0,27.59
19.12,72.77,0.0
19.12,72.775,0.0
19.12,72.78,0.0
19.12,72.785,8.16
19.12,72.79,9.97
19.12,72.795,14.03
19.12,72.8,14.5
19.12,72.805,12.47
19.12,72.81,10.15
19.12,72.815,6.18
19.12,72.82,7.05
19.12,72.825,6.1
19.12,72.83,5.11
19.12,72.835,12.16
19.12,72.84,12.94
19.12,72.845,14.36
19.12,72.85,11.18
19.12,72.855,6.61
19.12,72.86,8.98
19.12,72.865,11.99
19.12,72.87,14.4
19.12,72.875,18.24
19.12,72.88,21.14
19.12,72.885,27.71
19.12,72.89,33.94
19.12,72.895,29.86
19.12,72.9,29.7
19.12,72.905,25.33
19.12,72.91,21.8
19.12,72.915,16.12
19.12,72.92,14.82
19.12,72.925,14.86
19.12,72.93,17.03
19.12,72.935,23.94
19.12,72.94,30.12
19.12,72.945,38.73
19.12,72.95,39.37
19.12,72.955,40.49
19.12,72.96,39.71
19.12,72.965,40.3
19.12,72.97,35.93
19.12,72.975,31.87
19.12,72.98,34.12
19.12,72.985,38.79
19.12,72.99,38.85
19.12,72.995,36.09
19.12,73.0,37.98
19.125,72.77,0.0
19.125,72.775,2.51
19.125,72.78,8.6
19.125,72.785,9.87
19.125,72.79,11.91
19.125,72.795,11.93
19.125,72.8,7.91
19.125,72.805,0.72
19.125,72.81,0.0
19.125,72.815,0.0
19.125,72.82,2.04
19.125,72.825,1.36
19.125,72.83,8.34
19.125,72.835,19.31
19.125,72.84,20.14
19.125,72.845,22.29
19.125,72.85,20.68
19.125,72.855,17.02
19.125,72.86,10.15
19.125,72.865,10.91
19.125,72.87,7.32
19.125,72.875,13.13
19.125,72.88,17.24
19.125,72.885,27.57
19.125,72.89,30.73
19.125,72.895,31.14
19.125,72.9,31.39
19.125,72.905,25.99
19.125,72.91,21.3
19.125,72.915,15.51
19.125,72.92,15.38
19.125,72.925,23.34
19.125,72.93,21.9
19.125,72.935,29.47
19.125,72.94,36.45
19.125,72.945,39.95
19.125,72.95,40.89
19.125,72.955,36.08
19.125,72.96,32.98
19.125,72.965,29.61
19.125,72.97,27.23
19.125,72.975,24.91
19.125,72.98,30.88
19.125,72.985,33.93
19.125,72.99,41.78
19.125,72.995,46.23
19.125,73.0,50.68
19.13,72.77,0.98
19.13,72.775,3.22
19.13,72.78,8.5
19.13,72.785,7.05
19.13,72.79,11.86
19.13,72.795,4.38
19.13,72.8,2.34
19.13,72.805,0.0
19.13,72.81,0.0
19.13,72.815,0.0
19.13,72.82,0.0
19.13,72.825,8.95
19.13,72.83,13.11
19.13,72.835,21.28
19.13,72.84,29.59
19.13,72.845,31.11
19.13,72.85,26.94
19.13,72.855,27.95
19.13,72.86,14.31
19.13,72.865,6.88
19.13,72.87,4.48
19.13,72.875,6.21
19.13,72.88,12.93
19.13,72.885,14.37
19.13,72.89,22.92
19.13,72.895,24.56
19.13,72.9,27.94
19.13,72.905,26.93
19.13,72.91,26.42
19.13,72.915,26.91
19.13,72.92,25.16
19.13,72.925,27.56
19.13,72.93,32.79
19.13,72.935,39.37
19.13,72.94,34.51
19.13,72.945,33.33
19.13,72.95,34.08
19.13,72.955,31.95
19.13,72.96,24.8
19.13,72.965,18.49
19.13,72.97,20.06
19.13,72.975,19.28
19.13,72.98,30.36
19.13,72.985,37.02
19.13,72.99,46.17
19.13,72.995,53.93
19.13,73.0,56.69
19.135,72.77,12.3
19.135,72.775,14.7
19.135,72.78,11.69
19.135,72.785,2.57
19.135,72.79,0.85
19.135,72.795,0.0
19.135,72.8,0.0
19.135,72.805,0.0
19.135,72.81,0.0
19.135,72.815,0.0
19.135,72.82,0.0
19.135,72.825,8.29
19.135,72.83,16.64
19.135,72.835,26.55
19.135,72.84,26.84
19.135,72.845,26.63
19.135,72.85,27.93
19.135,72.855,27.5
19.135,72.86,19.37
19.135,72.865,12.41
19.135,72.87,8.8
19.135,72.875,5.59
19.135,72.88,2.9
19.135,72.885,6.18
19.135,72.89,8.38
19.135,72.895,14.59
19.135,72.9,17.65
19.135,72.905,25.59
19.135,72.91,29.16
19.135,72.915,32.74
19.135,72.92,37.46
19.135,72.925,37.21
19.135,72.93,44.07
19.135,72.935,38.96
19.135,72.94,33.64
19.135,72.945,29.92
19.135,72.95,20.88
19.135,72.955,24.33
19.135,72.96,21.33
19.135,72.965,18.34
19.135,72.97,20.91
19.135,72.975,22.47
19.135,72.98,29.33
19.135,72.985,36.02
19.135,72.99,46.5
19.135,72.995,54.86
19.135,73.0,55.46
19.14,72.77,23.1
19.14,72.775,19.23
19.14,72.78,6.11
19.14,72.785,4.33
19.14,72.79,0.0
19.14,72.795,0.0
19.14,72.8,0.0
19.14,72.805,0.0
19.14,72.81,0.0
19.14,72.815,1.52
19.14,72.82,3.85
19.14,72.825,11.46
19.14,72.83,18.32
19.14,72.835,14.73
19.14,72.84,24.73
19.14,72.845,28.22
19.14,72.85,25.1
19.14,72.855,29.14
19.14,72.86,24.89
19.14,72.865,22.89
19.14,72.87,15.67
19.14,72.875,6.93
19.14,72.88,4.78
19.14,72.885,0.0
19.14,72.89,0.0
19.14,72.895,5.72
19.14,72.9,9.64
19.14,72.905,22.46
19.14,72.91,32.91
19.14,72.915,42.99
19.14,72.92,53.77
19.14,72.925,51.56
19.14,72.93,47.8
19.14,72.935,41.23
19.14,72.94,32.41
19.14,72.945,19.66
19.14,72.95,21.83
19.14,72.955,11.44
19.14,72.96,18.36
19.14,72.965,19.51
19.14,72.97,23.87
19.14,72.975,28.94
19.14,72.98,40.73
19.14,72.985,42.15
19.14,72.99,45.71
19.14,72.995,48.63
19.14,73.0,51.68
19.145,72.77,26.49
19.145,72.775,17.06
19.145,72.78,9.59
19.145,72.785,0.0
19.145,72.79,0.0
19.145,72.795,0.0
19.145,72.8,0.0
19.145,72.805,0.0
19.145,72.81,0.0
19.145,72.815,0.0
19.145,72.82,11.47
19.145,72.825,11.89
19.145,72.83,16.88
19.145,72.835,19.45
19.145,72.84,15.7
19.145,72.845,22.51
19.145,72.85,28.69
19.145,72.855,29.34
19.145,72.86,30.56
19.145,72.865,26.19
19.145,72.87,22.06
19.145,72.875,11.27
19.145,72.88,5.17
19.145,72.885,0.0
19.145,72.89,0.0
19.145,72.895,0.0
19.145,72.9,8.58
19.145,72.905,20.65
19.145,72.91,35.08
19.145,72.915,46.15
19.145,72.92,53.68
19.145,72.925,55.27
19.145,72.93,45.84
19.145,72.935,35.6
19.145,72.94,29.1
19.145,72.945,13.58
19.145,72.95,12.48
19.145,72.955,10.49
19.145,72.96,15.06
19.145,72.965,18.34
19.145,72.97,29.72
19.145,72.975,34.72
19.145,72.98,35.05
19.145,72.985,41.08
19.145,72.99,47.35
19.145,72.995,45.44
19.145,73.0,49.68
19.15,72.77,26.38
19.15,72.775,15.9
19.15,72.78,9.76
19.15,72.785,0.0
19.15,72.79,0.0
19.15,72.795,0.0
19.15,72.8,0.0
19.15,72.805,0.0
19.15,72.81,0.0
19.15,72.815,0.7
19.15,72.82,10.41
19.15,72.825,12.6
19.15,72.83,14.71
19.15,72.835,17.7
19.15,72.84,22.75
19.15,72.845,24.07
19.15,72.85,24.63
19.15,72.855,24.85
19.15,72.86,28.92
19.15,72.865,23.16
19.15,72.87,17.04
19.15,72.875,14.47
19.15,72.88,5.88
19.15,72.885,0.0
19.15,72.89,0.0
19.15,72.895,4.28
19.15,72.9,11.43
19.15,72.905,20.84
19.15,72.91,33.31
19.15,72.915,45.34
19.15,72.92,50.61
19.15,72.925,56.69
19.15,72.93,46.76
19.15,72.935,36.82
19.15,72.94,32.19
19.15,72.945,19.17
19.15,72.95,16.39
19.15,72.955,14.83
19.15,72.96,15.91
19.15,72.965,19.29
19.15,72.97,27.4
19.15,72.975,31.0
19.15,72.98,37.89
19.15,72.985,42.74
19.15,72.99,47.06
19.15,72.995,43.8
19.15,73.0,48.2
19.155,72.77,13.62
19.155,72.775,12.4
19.155,72.78,4.14
19.155,72.785,0.02
19.155,72.79,0.0
19.155,72.795,0.0
19.155,72.8,0.0
19.155,72.805,0.0
19.155,72.81,0.0
19.155,72.815,1.04
19.155,72.82,8.09
19.155,72.825,10.66
19.155,72.83,15.03
19.155,72.835,16.8
19.155,72.84,19.51
19.155,72.845,20.4
19.155,72.85,23.03
19.155,72.855,23.59
19.155,72.86,23.29
19.155,72.865,19.56
19.155,72.87,14.92
19.155,72.875,9.55
19.155,72.88,8.58
19.155,72.885,4.89
19.155,72.89,7.17
19.155,72.895,5.98
19.155,72.9,16.3
19.155,72.905,24.49
19.155,72.91,31.85
19.155,72.915,36.69
19.155,72.92,43.05
19.155,72.925,39.85
19.155,72.93,40.45
19.155,72.935,36.21
19.155,72.94,33.47
19.155,72.945,22.27
19.155,72.95,20.32
19.155,72.955,23.99
19.155,72.96,15.87
19.155,72.965,24.53
19.155,72.97,25.07
19.155,72.975,31.33
19.155,72.98,38.19
19.155,72.985,40.29
19.155,72.99,46.48
19.155,72.995,45.94
19.155,73.0,48.8
19.16,72.77,4.21
19.16,72.775,3.88
19.16,72.78,7.63
19.16,72.785,9.41
19.16,72.79,8.0
19.16,72.795,1.07
19.16,72.8,0.86
19.16,72.805,0.0
19.16,72.81,0.0
19.16,72.815,0.0
19.16,72.82,2.78
19.16,72.825,6.04
19.16,72.83,12.38
19.16,72.835,15.61
19.16,72.84,20.63
19.16,72.845,19.87
19.16,72.85,22.16
19.16,72.855,18.8
19.16,72.86,13.9
19.16,72.865,16.28
19.16,72.87,10.56
19.16,72.875,11.77
19.16,72.88,11.75
19.16,72.885,15.12
19.16,72.89,19.82
19.16,72.895,21.29
19.16,72.9,23.89
19.16,72.905,26.58
19.16,72.91,24.53
19.16,72.915,23.55
19.16,72.92,24.29
19.16,72.925,31.97
19.16,72.93,33.07
19.16,72.935,34.47
19.16,72.94,33.4
19.16,72.945,31.41
19.16,72.95,31.95
19.16,72.955,29.81
19.16,72.96,25.11
19.16,72.965,22.7
19.16,72.97,22.23
19.16,72.975,29.26
19.16,72.98,29.8
19.16,72.985,38.33
19.16,72.99,42.46
19.16,72.995,48.83
19.16,73.0,50.65
19.165,72.77,0.0
19.165,72.775,0.0
19.165,72.78,4.09
19.165,72.785,8.92
19.165,72.79,15.25
19.165,72.795,12.26
19.165,72.8,9.93
19.165,72.805,2.91
19.165,72.81,2.43
19.165,72.815,0.0
19.165,72.82,0.49
19.165,72.825,3.75
19.165,72.83,10.65
19.165,72.835,12.06
19.165,72.84,20.69
19.165,72.845,19.65
19.165,72.85,16.47
19.165,72.855,10.39
19.165,72.86,10.6
19.165,72.865,6.62
19.165,72.87,11.66
19.165,72.875,14.23
19.165,72.88,22.57
19.165,72.885,26.24
19.165,72.89,32.9
19.165,72.895,33.36
19.165,72.9,29.76
19.165,72.905,26.59
19.165,72.91,19.13
19.165,72.915,20.59
19.165,72.92,14.68
19.165,72.925,16.91
19.165,72.93,22.74
19.165,72.935,26.59
19.165,72.94,37.93
19.165,72.945,37.64
19.165,72.95,38.4
19.165,72.955,38.6
19.165,72.96,32.36
19.165,72.965,33.75
19.165,72.97,27.4
19.165,72.975,21.42
19.165,72.98,31.22
19.165,72.985,36.98
19.165,72.99,40.55
19.165,72.995,42.9
19.165,73.0,47.04
19.17,72.77,0.0
19.17,72.775,0.0
19.17,72.78,0.0
19.17,72.785,9.4
19.17,72.79,17.06
19.17,72.795,18.69
19.17,72.8,13.27
19.17,72.805,14.5
19.17,72.81,10.68
19.17,72.815,8.8
19.17,72.82,3.05
19.17,72.825,5.94
19.17,72.83,9.67
19.17,72.835,10.05
19.17,72.84,13.64
19.17,72.845,12.13
19.17,72.85,8.59
19.17,72.855,6.4
19.17,72.86,9.09
19.17,72.865,5.68
19.17,72.87,9.46
19.17,72.875,19.24
19.17,72.88,26.43
19.17,72.885,30.94
19.17,72.89,36.7
19.17,72.895,36.09
19.17,72.9,32.12
19.17,72.905,31.02
19.17,72.91,17.0
19.17,72.915,9.06
19.17,72.92,11.75
19.17,72.925,11.04
19.17,72.93,16.62
19.17,72.935,22.17
19.17,72.94,35.39
19.17,72.945,42.04
19.17,72.95,44.8
19.17,72.955,41.42
19.17,72.96,42.17
19.17,72.965,41.6
19.17,72.97,34.86
19.17,72.975,31.68
19.17,72.98,32.23
19.17,72.985,34.41
19.17,72.99,35.83
19.17,72.995,39.38
19.17,73.0,42.75
19.175,72.77,0.0
19.175,72.775,0.0
19.175,72.78,0.0
19.175,72.785,5.56
19.175,72.79,13.09
19.175,72.795,18.32
19.175,72.8,18.49
19.175,72.805,19.76
19.175,72.81,20.39
19.175,72.815,13.24
19.175,72.82,10.08
19.175,72.825,9.48
19.175,72.83,4.48
19.175,72.835,5.5
19.175,72.84,0.76
19.175,72.845,1.93
19.175,72.85,2.33
19.175,72.855,2.38
19.175,72.86,6.33
19.175,72.865,10.76
19.175,72.87,18.85
19.175,72.875,24.32
19.175,72.88,32.46
19.175,72.885,39.03
19.175,72.89,36.76
19.175,72.895,35.99
19.175,72.9,32.69
19.175,72.905,20.11
19.175,72.91,20.21
19.175,72.915,12.31
19.175,72.92,3.87
19.175,72.925,3.32
19.175,72.93,11.95
19.175,72.935,16.9
19.175,72.94,29.69
19.175,72.945,36.9
19.175,72.95,42.99
19.175,72.955,45.66
19.175,72.96,51.29
19.175,72.965,48.52
19.175,72.97,45.55
19.175,72.975,43.34
19.175,72.98,35.47
19.175,72.985,37.05
19.175,72.99,31.49
19.175,72.995,30.83
19.175,73.0,28.69
19.18,72.77,0.0
19.18,72.775,0.0
19.18,72.78,0.0
19.18,72.785,0.0
19.18,72.79,4.53
19.18,72.795,9.84
19.18,72.8,18.83
19.18,72.805,26.5
19.18,72.81,27.01
19.18,72.815,25.15
19.18,72.82,18.45
19.18,72.825,12.64
19.18,72.83,3.43
19.18,72.835,0.0
19.18,72.84,0.0
19.18,72.845,0.0
19.18,72.85,0.0
19.18,72.855,0.0
19.18,72.86,14.36
19.18,72.865,20.71
19.18,72.87,27.09
19.18,72.875,34.97
19.18,72.88,33.23
19.18,72.885,39.96
19.18,72.89,34.41
19.18,72.895,32.34
19.18,72.9,25.73
19.18,72.905,20.7
19.18,72.91,16.75
19.18,72.915,13.41
19.18,72.92,10.79
19.18,72.925,10.27
19.18,72.93,8.6
19.18,72.935,20.36
19.18,72.94,22.15
19.18,72.945,30.18
19.18,72.95,36.98
19.18,72.955,43.78
19.18,72.96,51.92
19.18,72.965,55.34
19.18,72.97,56.89
19.18,72.975,54.36
19.18,72.98,46.23
19.18,72.985,31.36
19.18,72.99,25.92
19.18,72.995,21.51
19.18,73.0,17.43
19.185,72.77,0.0
19.185,72.775,0.0
19.185,72.78,0.0
19.185,72.785,0.0
19.185,72.79,0.0
19.185,72.795,7.43
19.185,72.8,19.4
19.185,72.805,24.77
19.185,72.81,30.43
19.185,72.815,34.08
19.185,72.82,25.35
19.185,72.825,16.11
19.185,72.83,0.77
19.185,72.835,0.0
19.185,72.84,0.0
19.185,72.845,0.0
19.185,72.85,0.0
19.185,72.855,0.0
19.185,72.86,13.09
19.185,72.865,23.24
19.185,72.87,32.63
19.185,72.875,39.84
19.185,72.88,39.71
19.185,72.885,35.53
19.185,72.89,29.4
19.185,72.895,29.49
19.185,72.9,20.2
19.185,72.905,21.46
19.185,72.91,15.34
19.185,72.915,19.14
19.185,72.92,18.06
19.185,72.925,10.86
19.185,72.93,14.74
19.185,72.935,15.22
19.185,72.94,19.02
19.185,72.945,24.51
19.185,72.95,30.68
19.185,72.955,42.34
19.185,72.96,55.52
19.185,72.965,56.35
19.185,72.97,60.75
19.185,72.975,58.38
19.185,72.98,45.24
19.185,72.985,32.73
19.185,72.99,21.44
19.185,72.995,16.18
19.185,73.0,9.47
19.19,72.77,0.0
19.19,72.775,0.0
19.19,72.78,0.0
19.19,72.785,0.0
19.19,72.79,0.0
19.19,72.795,6.89
19.19,72.8,17.9
19.19,72.805,28.95
19.19,72.81,31.66
19.19,72.815,34.89
19.19,72.82,26.21
19.19,72.825,13.98
19.19,72.83,8.5
19.19,72.835,0.0
19.19,72.84,0.0
19.19,72.845,0.0
19.19,72.85,0.0
19.19,72.855,0.35
19.19,72.86,12.75
19.19,72.865,25.41
19.19,72.87,35.09
19.19,72.875,31.76
19.19,72.88,38.48
19.19,72.885,32.02
19.19,72.89,27.52
19.19,72.895,27.41
19.19,72.9,21.55
19.19,72.905,20.86
19.19,72.91,19.83
19.19,72.915,21.58
19.19,72.92,22.77
19.19,72.925,13.24
19.19,72.93,18.79
19.19,72.935,19.1
19.19,72.94,18.69
19.19,72.945,21.15
19.19,72.95,28.1
19.19,72.955,44.9
19.19,72.96,47.9
19.19,72.965,59.64
19.19,72.97,59.62
19.19,72.975,59.63
19.19,72.98,46.65
19.19,72.985,32.87
19.19,72.99,24.86
19.19,72.995,13.6
19.19,73.0,18.85
19.195,72.77,0.0
19.195,72.775,0.0
19.195,72.78,0.0
19.195,72.785,0.0
19.195,72.79,0.69
19.195,72.795,7.37
19.195,72.8,17.64
19.195,72.805,17.05
19.195,72.81,21.16
19.195,72.815,21.85
19.195,72.82,17.81
19.195,72.825,10.22
19.195,72.83,0.66
19.195,72.835,0.0
19.195,72.84,0.0
19.195,72.845,0.0
19.195,72.85,1.12
19.195,72.855,4.73
19.195,72.86,13.57
19.195,72.865,24.59
19.195,72.87,30.31
19.195,72.875,32.34
19.195,72.88,31.45
19.195,72.885,30.61
19.195,72.89,27.79
19.195,72.895,24.12
19.195,72.9,21.69
19.195,72.905,23.65
19.195,72.91,18.36
19.195,72.915,23.71
19.195,72.92,19.84
19.195,72.925,17.25
19.195,72.93,18.47
19.195,72.935,18.35
19.195,72.94,20.99
19.195,72.945,24.9
19.195,72.95,30.5
19.195,72.955,37.74
19.195,72.96,44.44
19.195,72.965,50.47
19.195,72.97,49.85
19.195,72.975,48.93
19.195,72.98,43.2
19.195,72.985,37.42
19.195,72.99,29.6
19.195,72.995,23.26
19.195,73.0,20.99
19.2,72.77,0.0
19.2,72.775,0.0
19.2,72.78,0.0
19.2,72.785,1.88
19.2,72.79,5.76
19.2,72.795,7.4
19.2,72.8,8.54
19.2,72.805,7.49
19.2,72.81,9.8
19.2,72.815,10.38
19.2,72.82,7.33
19.2,72.825,7.47
19.2,72.83,7.25
19.2,72.835,6.47
19.2,72.84,7.55
19.2,72.845,9.42
19.2,72.85,7.7
19.2,72.855,11.07
19.2,72.86,11.43
19.2,72.865,13.08
19.2,72.87,18.32
19.2,72.875,19.19
19.2,72.88,22.29
19.2,72.885,28.0
19.2,72.89,24.75
19.2,72.895,29.74
19.2,72.9,24.86
19.2,72.905,21.53
19.2,72.91,20.79
19.2,72.915,20.62
19.2,72.92,22.55
19.2,72.925,22.46
19.2,72.93,23.03
19.2,72.935,28.38
19.2,72.94,25.45
19.2,72.945,32.92
19.2,72.95,35.63
19.2,72.955,37.38
19.2,72.96,34.35
19.2,72.965,35.66
19.2,72.97,37.07
19.2,72.975,39.2
19.2,72.98,40.46
19.2,72.985,35.15
19.2,72.99,33.89
19.2,72.995,38.31
19.2,73.0,42.19
19.205,72.77,0.0
19.205,72.775,0.41
19.205,72.78,12.2
19.205,72.785,11.08
19.205,72.79,8.97
19.205,72.795,12.63
19.205,72.8,3.31
19.205,72.805,0.0
19.205,72.81,0.0
19.205,72.815,0.0
19.205,72.82,0.31
19.205,72.825,5.72
19.205,72.83,14.6
19.205,72.835,13.96
19.205,72.84,23.27
19.205,72.845,23.09
19.205,72.85,20.03
19.205,72.855,15.81
19.205,72.86,7.4
19.205,72.865,7.72
19.205,72.87,11.07
19.205,72.875,12.22
19.205,72.88,14.49
19.205,72.885,17.3
19.205,72.89,26.35
19.205,72.895,30.01
19.205,72.9,29.74
19.205,72.905,24.03
19.205,72.91,21.68
19.205,72.915,24.75
19.205,72.92,18.83
19.205,72.925,24.28
19.205,72.93,23.73
19.205,72.935,31.38
19.205,72.94,37.1
19.205,72.945,37.79
19.205,72.95,38.16
19.205,72.955,31.61
19.205,72.96,28.24
19.205,72.965,27.17
19.205,72.97,26.01
19.205,72.975,26.48
19.205,72.98,32.35
19.205,72.985,33.52
19.205,72.99,42.57
19.205,72.995,52.31
19.205,73.0,53.55
19.21,72.77,4.5
19.21,72.775,7.2
19.21,72.78,13.19
19.21,72.785,13.36
19.21,72.79,7.68
19.21,72.795,7.87
19.21,72.8,0.0
19.21,72.805,0.0
19.21,72.81,0.0
19.21,72.815,0.0
19.21,72.82,0.0
19.21,72.825,1.84
19.21,72.83,13.55
19.21,72.835,24.18
19.21,72.84,31.37
19.21,72.845,35.67
19.21,72.85,29.88
19.21,72.855,18.49
19.21,72.86,12.15
19.21,72.865,13.11
19.21,72.87,4.02
19.21,72.875,5.82
19.21,72.88,7.06
19.21,72.885,11.55
19.21,72.89,18.69
19.21,72.895,24.55
19.21,72.9,25.71
19.21,72.905,30.67
19.21,72.91,24.7
19.21,72.915,23.22
19.21,72.92,27.82
19.21,72.925,30.81
19.21,72.93,33.1
19.21,72.935,35.93
19.21,72.94,35.8
19.21,72.945,41.63
19.21,72.95,37.26
19.21,72.955,28.55
19.21,72.96,22.83
19.21,72.965,17.18
19.21,72.97,19.49
19.21,72.975,17.46
19.21,72.98,26.0
19.21,72.985,36.25
19.21,72.99,48.95
19.21,72.995,56.63
19.21,73.0,60.7
19.215,72.77,9.42
19.215,72.775,15.78
19.215,72.78,11.9
19.215,72.785,12.93
19.215,72.79,12.25
19.215,72.795,0.0
19.215,72.8,0.0
19.215,72.805,0.0
19.215,72.81,0.0
19.215,72.815,0.0
19.215,72.82,0.0
19.215,72.825,5.55
19.215,72.83,16.13
19.215,72.835,27.98
19.215,72.84,33.57
19.215,72.845,36.66
19.215,72.85,33.67
19.215,72.855,25.77
19.215,72.86,18.23
19.215,72.865,11.87
19.215,72.87,5.95
19.215,72.875,4.65
19.215,72.88,6.62
19.215,72.885,5.38
19.215,72.89,11.81
19.215,72.895,16.65
19.215,72.9,19.78
19.215,72.905,27.17
19.215,72.91,30.85
19.215,72.915,29.99
19.215,72.92,34.15
19.215,72.925,36.59
19.215,72.93,36.59
19.215,72.935,40.3
19.215,72.94,36.82
19.215,72.945,35.78
19.215,72.95,30.31
19.215,72.955,23.92
19.215,72.96,18.09
19.215,72.965,16.87
19.215,72.97,12.69
19.215,72.975,17.72
19.215,72.98,29.31
19.215,72.985,38.7
19.215,72.99,52.1
19.215,72.995,59.45
19.215,73.0,66.49
19.22,72.77,19.0
19.22,72.775,13.76
19.22,72.78,12.44
19.22,72.785,5.08
19.22,72.79,0.0
19.22,72.795,0.0
19.22,72.8,0.0
19.22,72.805,0.0
19.22,72.81,0.0
19.22,72.815,0.0
19.22,72.82,0.0
19.22,72.825,7.2
19.22,72.83,18.22
19.22,72.835,20.06
19.22,72.84,29.59
19.22,72.845,35.56
19.22,72.85,33.56
19.22,72.855,31.11
19.22,72.86,24.5
19.22,72.865,13.86
19.22,72.87,10.74
19.22,72.875,5.52
19.22,72.88,0.0
19.22,72.885,0.11
19.22,72.89,0.0
19.22,72.895,7.32
19.22,72.9,14.58
19.22,72.905,26.88
19.22,72.91,31.41
19.22,72.915,39.3
19.22,72.92,44.57
19.22,72.925,45.46
19.22,72.93,46.85
19.22,72.935,37.41
19.22,72.94,37.65
19.22,72.945,28.45
19.22,72.95,24.51
19.22,72.955,11.36
19.22,72.96,9.37
19.22,72.965,14.01
19.22,72.97,18.99
19.22,72.975,22.88
19.22,72.98,32.97
19.22,72.985,42.3
19.22,72.99,49.74
19.22,72.995,55.09
19.22,73.0,59.1
19.225,72.77,22.87
19.225,72.775,18.01
19.225,72.78,7.11
19.225,72.785,0.0
19.225,72.79,0.0
19.225,72.795,0.0
19.225,72.8,0.0
19.225,72.805,0.0
19.225,72.81,0.0
19.225,72.815,0.0
19.225,72.82,5.4
19.225,72.825,11.98
19.225,72.83,17.66
19.225,72.835,20.03
19.225,72.84,20.71
19.225,72.845,25.68
19.225,72.85,27.52
19.225,72.855,26.94
19.225,72.86,28.54
19.225,72.865,24.58
19.225,72.87,18.45
19.225,72.875,7.35
19.225,72.88,2.47
19.225,72.885,0.0
19.225,72.89,0.0
19.225,72.895,1.44
19.225,72.9,10.07
19.225,72.905,21.77
19.225,72.91,36.82
19.225,72.915,43.44
19.225,72.92,51.2
19.225,72.925,54.74
19.225,72.93,46.79
19.225,72.935,38.9
19.225,72.94,32.25
19.225,72.945,19.01
19.225,72.95,16.91
19.225,72.955,12.05
19.225,72.96,15.06
19.225,72.965,15.96
19.225,72.97,26.62
19.225,72.975,28.08
19.225,72.98,37.75
19.225,72.985,38.88
19.225,72.99,49.0
19.225,72.995,48.87
19.225,73.0,56.15
19.23,72.77,21.7
19.23,72.775,15.39
19.23,72.78,8.83
19.23,72.785,0.0
19.23,72.79,0.0
19.23,72.795,0.0
19.23,72.8,0.0
19.23,72.805,0.0
19.23,72.81,0.0
19.23,72.815,1.88
19.23,72.82,11.72
19.23,72.825,10.28
19.23,72.83,15.97
19.23,72.835,15.9
19.23,72.84,16.52
19.23,72.845,18.03
19.23,72.85,24.38
19.23,72.855,25.01
19.23,72.86,30.37
19.23,72.865,28.65
19.23,72.87,24.37
19.23,72.875,14.11
19.23,72.88,4.63
19.23,72.885,0.0
19.23,72.89,0.0
19.23,72.895,0.74
19.23,72.9,9.66
19.23,72.905,23.48
19.23,72.91,34.25
19.23,72.915,42.49
19.23,72.92,50.91
19.23,72.925,55.3
19.23,72.93,43.91
19.23,72.935,39.47
19.23,72.94,27.0
19.23,72.945,17.4
19.23,72.95,14.98
19.23,72.955,16.82
19.23,72.96,17.86
19.23,72.965,22.62
19.23,72.97,27.12
19.23,72.975,35.1
19.23,72.98,36.42
19.23,72.985,40.56
19.23,72.99,42.31
19.23,72.995,39.17
19.23,73.0,49.05
19.235,72.77,13.7
19.235,72.775,10.88
19.235,72.78,5.47
19.235,72.785,0.32
19.235,72.79,0.0
19.235,72.795,0.0
19.235,72.8,0.0
19.235,72.805,0.0
19.235,72.81,2.97
19.235,72.815,7.81
19.235,72.82,3.86
19.235,72.825,8.97
19.235,72.83,12.02
19.235,72.835,8.29
19.235,72.84,11.93
19.235,72.845,17.03
19.235,72.85,19.58
19.235,72.855,23.27
19.235,72.86,25.26
19.235,72.865,20.51
19.235,72.87,18.31
19.235,72.875,17.42
19.235,72.88,13.32
19.235,72.885,3.87
19.235,72.89,4.71
19.235,72.895,8.09
19.235,72.9,13.12
19.235,72.905,21.03
19.235,72.91,29.89
19.235,72.915,43.28
19.235,72.92,44.27
19.235,72.925,45.32
19.235,72.93,41.61
19.235,72.935,33.04
19.235,72.94,27.76
19.235,72.945,21.3
19.235,72.95,18.33
19.235,72.955,20.01
19.235,72.96,20.75
19.235,72.965,25.01
19.235,72.97,33.45
19.235,72.975,35.4
19.235,72.98,38.24
19.235,72.985,36.18
19.235,72.99,42.46
19.235,72.995,42.38
19.235,73.0,44.49
19.24,72.77,5.15
19.24,72.775,0.98
19.24,72.78,3.57
19.24,72.785,0.86
19.24,72.79,0.0
19.24,72.795,2.16
19.24,72.8,5.0
19.24,72.805,5.83
19.24,72.81,5.69
19.24,72.815,6.22
19.24,72.82,7.68
19.24,72.825,8.03
19.24,72.83,10.87
19.24,72.835,14.67
19.24,72.84,17.85
19.24,72.845,13.83
19.24,72.85,12.58
19.24,72.855,16.33
19.24,72.86,19.61
19.24,72.865,21.9
19.24,72.87,19.9
19.24,72.875,19.17
19.24,72.88,14.32
19.24,72.885,14.25
19.24,72.89,13.86
19.24,72.895,16.69
19.24,72.9,22.18
19.24,72.905,26.47
19.24,72.91,26.9
19.24,72.915,28.32
19.24,72.92,28.57
19.24,72.925,31.38
19.24,72.93,31.98
19.24,72.935,27.92
19.24,72.94,31.65
19.24,72.945,28.05
19.24,72.95,30.19
19.24,72.955,28.67
19.24,72.96,30.2
19.24,72.965,29.65
19.24,72.97,32.13
19.24,72.975,35.96
19.24,72.98,36.19
19.24,72.985,35.88
19.24,72.99,39.8
19.24,72.995,41.74
19.24,73.0,45.02
19.245,72.77,0.0
19.245,72.775,0.0
19.245,72.78,0.69
19.245,72.785,6.47
19.245,72.79,9.4
19.245,72.795,12.76
19.245,72.8,13.05
19.245,72.805,11.39
19.245,72.81,5.87
19.245,72.815,4.34
19.245,72.82,4.71
19.245,72.825,3.35
19.245,72.83,7.37
19.245,72.835,12.23
19.245,72.84,14.69
19.245,72.845,15.19
19.245,72.85,11.67
19.245,72.855,10.74
19.245,72.86,10.12
19.245,72.865,10.24
19.245,72.87,14.62
19.245,72.875,14.63
19.245,72.88,19.89
19.245,72.885,26.23
19.245,72.89,27.19
19.245,72.895,26.81
19.245,72.9,25.8
19.245,72.905,24.62
19.245,72.91,22.08
19.245,72.915,18.73
19.245,72.92,19.31
19.245,72.925,17.73
19.245,72.93,21.86
19.245,72.935,26.25
19.245,72.94,31.84
19.245,72.945,40.72
19.245,72.95,39.32
19.245,72.955,39.52
19.245,72.96,34.88
19.245,72.965,35.7
19.245,72.97,34.39
19.245,72.975,34.81
19.245,72.98,34.95
19.245,72.985,35.72
19.245,72.99,38.29
19.245,72.995,40.58
19.245,73.0,41.8
19.25,72.77,0.0
19.25,72.775,0.0
19.25,72.78,1.09
19.25,72.785,13.29
19.25,72.79,10.94
19.25,72.795,18.45
19.25,72.8,18.59
19.25,72.805,13.76
19.25,72.81,8.8
19.25,72.815,3.62
19.25,72.82,4.81
19.25,72.825,7.78
19.25,72.83,9.53
19.25,72.835,8.63
19.25,72.84,11.68
19.25,72.845,13.39
19.25,72.85,5.67
19.25,72.855,6.16
19.25,72.86,6.08
19.25,72.865,7.19
19.25,72.87,13.74
19.25,72.875,16.6
19.25,72.88,26.23
19.25,72.885,37.12
19.25,72.89,36.58
19.25,72.895,41.21
19.25,72.9,35.4
19.25,72.905,27.53
19.25,72.91,15.69
19.25,72.915,9.99
19.25,72.92,3.0
19.25,72.925,6.04
19.25,72.93,13.26
19.25,72.935,20.83
19.25,72.94,33.18
19.25,72.945,38.79
19.25,72.95,46.43
19.25,72.955,50.15
19.25,72.96,41.59
19.25,72.965,39.77
19.25,72.97,32.44
19.25,72.975,31.48
19.25,72.98,34.25
19.25,72.985,33.51
19.25,72.99,38.11
19.25,72.995,39.0
19.25,73.0,38.3
19.255,72.77,0.0
19.255,72.775,0.0
19.255,72.78,0.0
19.255,72.785,4.3
19.255,72.79,14.39
19.255,72.795,16.09
19.255,72.8,20.17
19.255,72.805,20.21
19.255,72.81,14.75
19.255,72.815,10.89
19.255,72.82,11.9
19.255,72.825,9.11
19.255,72.83,4.75
19.255,72.835,7.29
19.255,72.84,7.52
19.255,72.845,5.26
19.255,72.85,3.44
19.255,72.855,4.66
19.255,72.86,5.53
19.255,72.865,5.82
19.255,72.87,14.93
19.255,72.875,23.19
19.255,72.88,35.76
19.255,72.885,39.46
19.255,72.89,42.34
19.255,72.895,44.09
19.255,72.9,35.93
19.255,72.905,29.7
19.255,72.91,13.01
19.255,72.915,4.95
19.255,72.92,3.78
19.255,72.925,0.03
19.255,72.93,11.54
19.255,72.935,16.48
19.255,72.94,31.42
19.255,72.945,36.6
19.255,72.95,47.32
19.255,72.955,47.42
19.255,72.96,53.19
19.255,72.965,43.81
19.255,72.97,39.95
19.255,72.975,38.78
19.255,72.98,33.86
19.255,72.985,35.13
19.255,72.99,31.77
19.255,72.995,31.14
19.255,73.0,31.78
19.26,72.77,0.0
19.26,72.775,0.0
19.26,72.78,0.0
19.26,72.785,3.12
19.26,72.79,12.43
19.26,72.795,14.71
19.26,72.8,22.4
19.26,72.805,24.61
19.26,72.81,26.84
19.26,72.815,19.34
19.26,72.82,10.97
19.26,72.825,7.99
19.26,72.83,3.27
19.26,72.835,0.0
19.26,72.84,0.0
19.26,72.845,0.0
19.26,72.85,0.0
19.26,72.855,0.0
19.26,72.86,9.08
19.26,72.865,13.05
19.26,72.87,21.11
19.26,72.875,31.33
19.26,72.88,34.93
19.26,72.885,42.03
19.26,72.89,40.34
19.26,72.895,36.88
19.26,72.9,31.59
19.26,72.905,21.43
19.26,72.91,14.91
19.26,72.915,9.22
19.26,72.92,0.2
19.26,72.925,7.13
19.26,72.93,10.63
19.26,72.935,12.52
19.26,72.94,21.33
19.26,72.945,36.49
19.26,72.95,44.6
19.26,72.955,50.26
19.26,72.96,49.17
19.26,72.965,55.7
19.26,72.97,47.97
19.26,72.975,45.55
19.26,72.98,40.17
19.26,72.985,37.28
19.26,72.99,29.36
19.26,72.995,26.18
19.26,73.0,23.16
19.265,72.77,0.0
19.265,72.775,0.0
19.265,72.78,0.0
19.265,72.785,0.0
19.265,72.79,4.47
19.265,72.795,12.74
19.265,72.8,20.8
19.265,72.805,24.44
19.265,72.81,31.15
19.265,72.815,28.39
19.265,72.82,19.46
19.265,72.825,17.48
19.265,72.83,3.43
19.265,72.835,0.0
19.265,72.84,0.0
19.265,72.845,0.0
19.265,72.85,0.0
19.265,72.855,2.59
19.265,72.86,11.68
19.265,72.865,21.44
19.265,72.87,31.55
19.265,72.875,34.56
19.265,72.88,38.62
19.265,72.885,35.8
19.265,72.89,34.38
19.265,72.895,31.44
19.265,72.9,19.73
19.265,72.905,20.19
19.265,72.91,17.89
19.265,72.915,14.35
19.265,72.92,11.54
19.265,72.925,12.83
19.265,72.93,11.08
19.265,72.935,12.93
19.265,72.94,22.87
19.265,72.945,29.75
19.265,72.95,34.93
19.265,72.955,44.53
19.265,72.96,53.42
19.265,72.965,55.92
19.265,72.97,57.02
19.265,72.975,52.86
19.265,72.98,43.79
19.265,72.985,36.13
19.265,72.99,24.09
19.265,72.995,20.07
19.265,73.0,16.3
